chain	remove	set	super_chain
#building_chain_set_items_tables;0;db/building_chain_set_items_tables/derpy_great_guilds			
derpy_gg_hall_brass	false	wh3_main_secondary_core_generic_minor	
derpy_gg_hall_brass	false	wh3_main_secondary_core_generic_major	
derpy_gg_hall_immortals	false	wh3_main_secondary_core_generic_minor	
derpy_gg_hall_immortals	false	wh3_main_secondary_core_generic_major	
derpy_gg_hall_daemonsmiths	false	wh3_main_secondary_core_generic_minor	
derpy_gg_hall_daemonsmiths	false	wh3_main_secondary_core_generic_major	
derpy_gg_hall_khanate	false	wh3_main_secondary_core_generic_minor	
derpy_gg_hall_khanate	false	wh3_main_secondary_core_generic_major	
derpy_gg_hall_overseers	false	wh3_main_secondary_core_generic_minor	
derpy_gg_hall_overseers	false	wh3_main_secondary_core_generic_major	
derpy_gg_hall_slavers	false	wh3_main_secondary_core_generic_minor	
derpy_gg_hall_slavers	false	wh3_main_secondary_core_generic_major	
derpy_gg_hall_temple	false	wh3_main_secondary_core_generic_minor	
derpy_gg_hall_temple	false	wh3_main_secondary_core_generic_major	
derpy_gg_hall_brass_emp	false	wh3_main_secondary_core_generic_minor	
derpy_gg_hall_brass_emp	false	wh3_main_secondary_core_generic_major	
derpy_gg_hall_immortals_emp	false	wh3_main_secondary_core_generic_minor	
derpy_gg_hall_immortals_emp	false	wh3_main_secondary_core_generic_major	
derpy_gg_hall_daemonsmiths_emp	false	wh3_main_secondary_core_generic_minor	
derpy_gg_hall_daemonsmiths_emp	false	wh3_main_secondary_core_generic_major	
derpy_gg_hall_khanate_emp	false	wh3_main_secondary_core_generic_minor	
derpy_gg_hall_khanate_emp	false	wh3_main_secondary_core_generic_major	
derpy_gg_hall_overseers_emp	false	wh3_main_secondary_core_generic_minor	
derpy_gg_hall_overseers_emp	false	wh3_main_secondary_core_generic_major	
derpy_gg_hall_slavers_emp	false	wh3_main_secondary_core_generic_minor	
derpy_gg_hall_slavers_emp	false	wh3_main_secondary_core_generic_major	
derpy_gg_hall_temple_emp	false	wh3_main_secondary_core_generic_minor	
derpy_gg_hall_temple_emp	false	wh3_main_secondary_core_generic_major	
derpy_gg_hall_brass_dwf	false	wh3_main_secondary_core_generic_minor	
derpy_gg_hall_brass_dwf	false	wh3_main_secondary_core_generic_major	
derpy_gg_hall_immortals_dwf	false	wh3_main_secondary_core_generic_minor	
derpy_gg_hall_immortals_dwf	false	wh3_main_secondary_core_generic_major	
derpy_gg_hall_daemonsmiths_dwf	false	wh3_main_secondary_core_generic_minor	
derpy_gg_hall_daemonsmiths_dwf	false	wh3_main_secondary_core_generic_major	
derpy_gg_hall_khanate_dwf	false	wh3_main_secondary_core_generic_minor	
derpy_gg_hall_khanate_dwf	false	wh3_main_secondary_core_generic_major	
derpy_gg_hall_overseers_dwf	false	wh3_main_secondary_core_generic_minor	
derpy_gg_hall_overseers_dwf	false	wh3_main_secondary_core_generic_major	
derpy_gg_hall_slavers_dwf	false	wh3_main_secondary_core_generic_minor	
derpy_gg_hall_slavers_dwf	false	wh3_main_secondary_core_generic_major	
derpy_gg_hall_temple_dwf	false	wh3_main_secondary_core_generic_minor	
derpy_gg_hall_temple_dwf	false	wh3_main_secondary_core_generic_major	
derpy_gg_hall_brass_brt	false	wh3_main_secondary_core_generic_minor	
derpy_gg_hall_brass_brt	false	wh3_main_secondary_core_generic_major	
derpy_gg_hall_immortals_brt	false	wh3_main_secondary_core_generic_minor	
derpy_gg_hall_immortals_brt	false	wh3_main_secondary_core_generic_major	
derpy_gg_hall_daemonsmiths_brt	false	wh3_main_secondary_core_generic_minor	
derpy_gg_hall_daemonsmiths_brt	false	wh3_main_secondary_core_generic_major	
derpy_gg_hall_khanate_brt	false	wh3_main_secondary_core_generic_minor	
derpy_gg_hall_khanate_brt	false	wh3_main_secondary_core_generic_major	
derpy_gg_hall_overseers_brt	false	wh3_main_secondary_core_generic_minor	
derpy_gg_hall_overseers_brt	false	wh3_main_secondary_core_generic_major	
derpy_gg_hall_slavers_brt	false	wh3_main_secondary_core_generic_minor	
derpy_gg_hall_slavers_brt	false	wh3_main_secondary_core_generic_major	
derpy_gg_hall_temple_brt	false	wh3_main_secondary_core_generic_minor	
derpy_gg_hall_temple_brt	false	wh3_main_secondary_core_generic_major	
derpy_gg_hall_brass_cth	false	wh3_main_secondary_core_generic_minor	
derpy_gg_hall_brass_cth	false	wh3_main_secondary_core_generic_major	
derpy_gg_hall_immortals_cth	false	wh3_main_secondary_core_generic_minor	
derpy_gg_hall_immortals_cth	false	wh3_main_secondary_core_generic_major	
derpy_gg_hall_daemonsmiths_cth	false	wh3_main_secondary_core_generic_minor	
derpy_gg_hall_daemonsmiths_cth	false	wh3_main_secondary_core_generic_major	
derpy_gg_hall_khanate_cth	false	wh3_main_secondary_core_generic_minor	
derpy_gg_hall_khanate_cth	false	wh3_main_secondary_core_generic_major	
derpy_gg_hall_overseers_cth	false	wh3_main_secondary_core_generic_minor	
derpy_gg_hall_overseers_cth	false	wh3_main_secondary_core_generic_major	
derpy_gg_hall_slavers_cth	false	wh3_main_secondary_core_generic_minor	
derpy_gg_hall_slavers_cth	false	wh3_main_secondary_core_generic_major	
derpy_gg_hall_temple_cth	false	wh3_main_secondary_core_generic_minor	
derpy_gg_hall_temple_cth	false	wh3_main_secondary_core_generic_major	
derpy_gg_hall_brass_ksl	false	wh3_main_secondary_core_generic_minor	
derpy_gg_hall_brass_ksl	false	wh3_main_secondary_core_generic_major	
derpy_gg_hall_immortals_ksl	false	wh3_main_secondary_core_generic_minor	
derpy_gg_hall_immortals_ksl	false	wh3_main_secondary_core_generic_major	
derpy_gg_hall_daemonsmiths_ksl	false	wh3_main_secondary_core_generic_minor	
derpy_gg_hall_daemonsmiths_ksl	false	wh3_main_secondary_core_generic_major	
derpy_gg_hall_khanate_ksl	false	wh3_main_secondary_core_generic_minor	
derpy_gg_hall_khanate_ksl	false	wh3_main_secondary_core_generic_major	
derpy_gg_hall_overseers_ksl	false	wh3_main_secondary_core_generic_minor	
derpy_gg_hall_overseers_ksl	false	wh3_main_secondary_core_generic_major	
derpy_gg_hall_slavers_ksl	false	wh3_main_secondary_core_generic_minor	
derpy_gg_hall_slavers_ksl	false	wh3_main_secondary_core_generic_major	
derpy_gg_hall_temple_ksl	false	wh3_main_secondary_core_generic_minor	
derpy_gg_hall_temple_ksl	false	wh3_main_secondary_core_generic_major	
derpy_gg_hall_brass_def	false	wh3_main_secondary_core_generic_minor	
derpy_gg_hall_brass_def	false	wh3_main_secondary_core_generic_major	
derpy_gg_hall_immortals_def	false	wh3_main_secondary_core_generic_minor	
derpy_gg_hall_immortals_def	false	wh3_main_secondary_core_generic_major	
derpy_gg_hall_daemonsmiths_def	false	wh3_main_secondary_core_generic_minor	
derpy_gg_hall_daemonsmiths_def	false	wh3_main_secondary_core_generic_major	
derpy_gg_hall_khanate_def	false	wh3_main_secondary_core_generic_minor	
derpy_gg_hall_khanate_def	false	wh3_main_secondary_core_generic_major	
derpy_gg_hall_overseers_def	false	wh3_main_secondary_core_generic_minor	
derpy_gg_hall_overseers_def	false	wh3_main_secondary_core_generic_major	
derpy_gg_hall_slavers_def	false	wh3_main_secondary_core_generic_minor	
derpy_gg_hall_slavers_def	false	wh3_main_secondary_core_generic_major	
derpy_gg_hall_temple_def	false	wh3_main_secondary_core_generic_minor	
derpy_gg_hall_temple_def	false	wh3_main_secondary_core_generic_major	
derpy_gg_hall_brass_hef	false	wh3_main_secondary_core_generic_minor	
derpy_gg_hall_brass_hef	false	wh3_main_secondary_core_generic_major	
derpy_gg_hall_immortals_hef	false	wh3_main_secondary_core_generic_minor	
derpy_gg_hall_immortals_hef	false	wh3_main_secondary_core_generic_major	
derpy_gg_hall_daemonsmiths_hef	false	wh3_main_secondary_core_generic_minor	
derpy_gg_hall_daemonsmiths_hef	false	wh3_main_secondary_core_generic_major	
derpy_gg_hall_khanate_hef	false	wh3_main_secondary_core_generic_minor	
derpy_gg_hall_khanate_hef	false	wh3_main_secondary_core_generic_major	
derpy_gg_hall_overseers_hef	false	wh3_main_secondary_core_generic_minor	
derpy_gg_hall_overseers_hef	false	wh3_main_secondary_core_generic_major	
derpy_gg_hall_slavers_hef	false	wh3_main_secondary_core_generic_minor	
derpy_gg_hall_slavers_hef	false	wh3_main_secondary_core_generic_major	
derpy_gg_hall_temple_hef	false	wh3_main_secondary_core_generic_minor	
derpy_gg_hall_temple_hef	false	wh3_main_secondary_core_generic_major	
derpy_gg_hall_brass_skv	false	wh3_main_secondary_core_generic_minor	
derpy_gg_hall_brass_skv	false	wh3_main_secondary_core_generic_major	
derpy_gg_hall_immortals_skv	false	wh3_main_secondary_core_generic_minor	
derpy_gg_hall_immortals_skv	false	wh3_main_secondary_core_generic_major	
derpy_gg_hall_daemonsmiths_skv	false	wh3_main_secondary_core_generic_minor	
derpy_gg_hall_daemonsmiths_skv	false	wh3_main_secondary_core_generic_major	
derpy_gg_hall_khanate_skv	false	wh3_main_secondary_core_generic_minor	
derpy_gg_hall_khanate_skv	false	wh3_main_secondary_core_generic_major	
derpy_gg_hall_overseers_skv	false	wh3_main_secondary_core_generic_minor	
derpy_gg_hall_overseers_skv	false	wh3_main_secondary_core_generic_major	
derpy_gg_hall_slavers_skv	false	wh3_main_secondary_core_generic_minor	
derpy_gg_hall_slavers_skv	false	wh3_main_secondary_core_generic_major	
derpy_gg_hall_temple_skv	false	wh3_main_secondary_core_generic_minor	
derpy_gg_hall_temple_skv	false	wh3_main_secondary_core_generic_major	
