building	culture	description	icon	subculture	faction	disables	short_description	display_tooltip	building_frame_override
#building_culture_variants_tables;5;db/building_culture_variants_tables/derpy_great_guilds									
derpy_gg_hall_brass_0		wh_main_PLACEHOLDER	derpy_gg_hall_brass_0			false	derpy_gg_hall_brass_0	true	
derpy_gg_hall_brass_1		wh_main_PLACEHOLDER	derpy_gg_hall_brass_1			false	derpy_gg_hall_brass_1	true	
derpy_gg_hall_brass_2		wh_main_PLACEHOLDER	derpy_gg_hall_brass_2			false	derpy_gg_hall_brass_2	true	
derpy_gg_hall_immortals_0		wh_main_PLACEHOLDER	derpy_gg_hall_immortals_0			false	derpy_gg_hall_immortals_0	true	
derpy_gg_hall_immortals_1		wh_main_PLACEHOLDER	derpy_gg_hall_immortals_1			false	derpy_gg_hall_immortals_1	true	
derpy_gg_hall_immortals_2		wh_main_PLACEHOLDER	derpy_gg_hall_immortals_2			false	derpy_gg_hall_immortals_2	true	
derpy_gg_hall_daemonsmiths_0		wh_main_PLACEHOLDER	derpy_gg_hall_daemonsmiths_0			false	derpy_gg_hall_daemonsmiths_0	true	
derpy_gg_hall_daemonsmiths_1		wh_main_PLACEHOLDER	derpy_gg_hall_daemonsmiths_1			false	derpy_gg_hall_daemonsmiths_1	true	
derpy_gg_hall_daemonsmiths_2		wh_main_PLACEHOLDER	derpy_gg_hall_daemonsmiths_2			false	derpy_gg_hall_daemonsmiths_2	true	
derpy_gg_hall_khanate_0		wh_main_PLACEHOLDER	derpy_gg_hall_khanate_0			false	derpy_gg_hall_khanate_0	true	
derpy_gg_hall_khanate_1		wh_main_PLACEHOLDER	derpy_gg_hall_khanate_1			false	derpy_gg_hall_khanate_1	true	
derpy_gg_hall_khanate_2		wh_main_PLACEHOLDER	derpy_gg_hall_khanate_2			false	derpy_gg_hall_khanate_2	true	
derpy_gg_hall_overseers_0		wh_main_PLACEHOLDER	derpy_gg_hall_overseers_0			false	derpy_gg_hall_overseers_0	true	
derpy_gg_hall_overseers_1		wh_main_PLACEHOLDER	derpy_gg_hall_overseers_1			false	derpy_gg_hall_overseers_1	true	
derpy_gg_hall_overseers_2		wh_main_PLACEHOLDER	derpy_gg_hall_overseers_2			false	derpy_gg_hall_overseers_2	true	
derpy_gg_hall_slavers_0		wh_main_PLACEHOLDER	derpy_gg_hall_slavers_0			false	derpy_gg_hall_slavers_0	true	
derpy_gg_hall_slavers_1		wh_main_PLACEHOLDER	derpy_gg_hall_slavers_1			false	derpy_gg_hall_slavers_1	true	
derpy_gg_hall_slavers_2		wh_main_PLACEHOLDER	derpy_gg_hall_slavers_2			false	derpy_gg_hall_slavers_2	true	
derpy_gg_hall_temple_0		wh_main_PLACEHOLDER	derpy_gg_hall_temple_0			false	derpy_gg_hall_temple_0	true	
derpy_gg_hall_temple_1		wh_main_PLACEHOLDER	derpy_gg_hall_temple_1			false	derpy_gg_hall_temple_1	true	
derpy_gg_hall_temple_2		wh_main_PLACEHOLDER	derpy_gg_hall_temple_2			false	derpy_gg_hall_temple_2	true	
derpy_gg_hall_brass_0_emp	wh_main_emp_empire	wh_main_PLACEHOLDER	derpy_gg_hall_brass_0_emp			false	derpy_gg_hall_brass_0_emp	true	
derpy_gg_hall_brass_1_emp	wh_main_emp_empire	wh_main_PLACEHOLDER	derpy_gg_hall_brass_1_emp			false	derpy_gg_hall_brass_1_emp	true	
derpy_gg_hall_brass_2_emp	wh_main_emp_empire	wh_main_PLACEHOLDER	derpy_gg_hall_brass_2_emp			false	derpy_gg_hall_brass_2_emp	true	
derpy_gg_hall_immortals_0_emp	wh_main_emp_empire	wh_main_PLACEHOLDER	derpy_gg_hall_immortals_0_emp			false	derpy_gg_hall_immortals_0_emp	true	
derpy_gg_hall_immortals_1_emp	wh_main_emp_empire	wh_main_PLACEHOLDER	derpy_gg_hall_immortals_1_emp			false	derpy_gg_hall_immortals_1_emp	true	
derpy_gg_hall_immortals_2_emp	wh_main_emp_empire	wh_main_PLACEHOLDER	derpy_gg_hall_immortals_2_emp			false	derpy_gg_hall_immortals_2_emp	true	
derpy_gg_hall_daemonsmiths_0_emp	wh_main_emp_empire	wh_main_PLACEHOLDER	derpy_gg_hall_daemonsmiths_0_emp			false	derpy_gg_hall_daemonsmiths_0_emp	true	
derpy_gg_hall_daemonsmiths_1_emp	wh_main_emp_empire	wh_main_PLACEHOLDER	derpy_gg_hall_daemonsmiths_1_emp			false	derpy_gg_hall_daemonsmiths_1_emp	true	
derpy_gg_hall_daemonsmiths_2_emp	wh_main_emp_empire	wh_main_PLACEHOLDER	derpy_gg_hall_daemonsmiths_2_emp			false	derpy_gg_hall_daemonsmiths_2_emp	true	
derpy_gg_hall_khanate_0_emp	wh_main_emp_empire	wh_main_PLACEHOLDER	derpy_gg_hall_khanate_0_emp			false	derpy_gg_hall_khanate_0_emp	true	
derpy_gg_hall_khanate_1_emp	wh_main_emp_empire	wh_main_PLACEHOLDER	derpy_gg_hall_khanate_1_emp			false	derpy_gg_hall_khanate_1_emp	true	
derpy_gg_hall_khanate_2_emp	wh_main_emp_empire	wh_main_PLACEHOLDER	derpy_gg_hall_khanate_2_emp			false	derpy_gg_hall_khanate_2_emp	true	
derpy_gg_hall_overseers_0_emp	wh_main_emp_empire	wh_main_PLACEHOLDER	derpy_gg_hall_overseers_0_emp			false	derpy_gg_hall_overseers_0_emp	true	
derpy_gg_hall_overseers_1_emp	wh_main_emp_empire	wh_main_PLACEHOLDER	derpy_gg_hall_overseers_1_emp			false	derpy_gg_hall_overseers_1_emp	true	
derpy_gg_hall_overseers_2_emp	wh_main_emp_empire	wh_main_PLACEHOLDER	derpy_gg_hall_overseers_2_emp			false	derpy_gg_hall_overseers_2_emp	true	
derpy_gg_hall_slavers_0_emp	wh_main_emp_empire	wh_main_PLACEHOLDER	derpy_gg_hall_slavers_0_emp			false	derpy_gg_hall_slavers_0_emp	true	
derpy_gg_hall_slavers_1_emp	wh_main_emp_empire	wh_main_PLACEHOLDER	derpy_gg_hall_slavers_1_emp			false	derpy_gg_hall_slavers_1_emp	true	
derpy_gg_hall_slavers_2_emp	wh_main_emp_empire	wh_main_PLACEHOLDER	derpy_gg_hall_slavers_2_emp			false	derpy_gg_hall_slavers_2_emp	true	
derpy_gg_hall_temple_0_emp	wh_main_emp_empire	wh_main_PLACEHOLDER	derpy_gg_hall_temple_0_emp			false	derpy_gg_hall_temple_0_emp	true	
derpy_gg_hall_temple_1_emp	wh_main_emp_empire	wh_main_PLACEHOLDER	derpy_gg_hall_temple_1_emp			false	derpy_gg_hall_temple_1_emp	true	
derpy_gg_hall_temple_2_emp	wh_main_emp_empire	wh_main_PLACEHOLDER	derpy_gg_hall_temple_2_emp			false	derpy_gg_hall_temple_2_emp	true	
derpy_gg_hall_brass_0_dwf		wh_main_PLACEHOLDER	derpy_gg_hall_brass_0_dwf			false	derpy_gg_hall_brass_0_dwf	true	
derpy_gg_hall_brass_1_dwf		wh_main_PLACEHOLDER	derpy_gg_hall_brass_1_dwf			false	derpy_gg_hall_brass_1_dwf	true	
derpy_gg_hall_brass_2_dwf		wh_main_PLACEHOLDER	derpy_gg_hall_brass_2_dwf			false	derpy_gg_hall_brass_2_dwf	true	
derpy_gg_hall_immortals_0_dwf		wh_main_PLACEHOLDER	derpy_gg_hall_immortals_0_dwf			false	derpy_gg_hall_immortals_0_dwf	true	
derpy_gg_hall_immortals_1_dwf		wh_main_PLACEHOLDER	derpy_gg_hall_immortals_1_dwf			false	derpy_gg_hall_immortals_1_dwf	true	
derpy_gg_hall_immortals_2_dwf		wh_main_PLACEHOLDER	derpy_gg_hall_immortals_2_dwf			false	derpy_gg_hall_immortals_2_dwf	true	
derpy_gg_hall_daemonsmiths_0_dwf		wh_main_PLACEHOLDER	derpy_gg_hall_daemonsmiths_0_dwf			false	derpy_gg_hall_daemonsmiths_0_dwf	true	
derpy_gg_hall_daemonsmiths_1_dwf		wh_main_PLACEHOLDER	derpy_gg_hall_daemonsmiths_1_dwf			false	derpy_gg_hall_daemonsmiths_1_dwf	true	
derpy_gg_hall_daemonsmiths_2_dwf		wh_main_PLACEHOLDER	derpy_gg_hall_daemonsmiths_2_dwf			false	derpy_gg_hall_daemonsmiths_2_dwf	true	
derpy_gg_hall_khanate_0_dwf		wh_main_PLACEHOLDER	derpy_gg_hall_khanate_0_dwf			false	derpy_gg_hall_khanate_0_dwf	true	
derpy_gg_hall_khanate_1_dwf		wh_main_PLACEHOLDER	derpy_gg_hall_khanate_1_dwf			false	derpy_gg_hall_khanate_1_dwf	true	
derpy_gg_hall_khanate_2_dwf		wh_main_PLACEHOLDER	derpy_gg_hall_khanate_2_dwf			false	derpy_gg_hall_khanate_2_dwf	true	
derpy_gg_hall_overseers_0_dwf		wh_main_PLACEHOLDER	derpy_gg_hall_overseers_0_dwf			false	derpy_gg_hall_overseers_0_dwf	true	
derpy_gg_hall_overseers_1_dwf		wh_main_PLACEHOLDER	derpy_gg_hall_overseers_1_dwf			false	derpy_gg_hall_overseers_1_dwf	true	
derpy_gg_hall_overseers_2_dwf		wh_main_PLACEHOLDER	derpy_gg_hall_overseers_2_dwf			false	derpy_gg_hall_overseers_2_dwf	true	
derpy_gg_hall_slavers_0_dwf		wh_main_PLACEHOLDER	derpy_gg_hall_slavers_0_dwf			false	derpy_gg_hall_slavers_0_dwf	true	
derpy_gg_hall_slavers_1_dwf		wh_main_PLACEHOLDER	derpy_gg_hall_slavers_1_dwf			false	derpy_gg_hall_slavers_1_dwf	true	
derpy_gg_hall_slavers_2_dwf		wh_main_PLACEHOLDER	derpy_gg_hall_slavers_2_dwf			false	derpy_gg_hall_slavers_2_dwf	true	
derpy_gg_hall_temple_0_dwf		wh_main_PLACEHOLDER	derpy_gg_hall_temple_0_dwf			false	derpy_gg_hall_temple_0_dwf	true	
derpy_gg_hall_temple_1_dwf		wh_main_PLACEHOLDER	derpy_gg_hall_temple_1_dwf			false	derpy_gg_hall_temple_1_dwf	true	
derpy_gg_hall_temple_2_dwf		wh_main_PLACEHOLDER	derpy_gg_hall_temple_2_dwf			false	derpy_gg_hall_temple_2_dwf	true	
derpy_gg_hall_brass_0_brt	wh_main_brt_bretonnia	wh_main_PLACEHOLDER	derpy_gg_hall_brass_0_brt			false	derpy_gg_hall_brass_0_brt	true	
derpy_gg_hall_brass_1_brt	wh_main_brt_bretonnia	wh_main_PLACEHOLDER	derpy_gg_hall_brass_1_brt			false	derpy_gg_hall_brass_1_brt	true	
derpy_gg_hall_brass_2_brt	wh_main_brt_bretonnia	wh_main_PLACEHOLDER	derpy_gg_hall_brass_2_brt			false	derpy_gg_hall_brass_2_brt	true	
derpy_gg_hall_immortals_0_brt	wh_main_brt_bretonnia	wh_main_PLACEHOLDER	derpy_gg_hall_immortals_0_brt			false	derpy_gg_hall_immortals_0_brt	true	
derpy_gg_hall_immortals_1_brt	wh_main_brt_bretonnia	wh_main_PLACEHOLDER	derpy_gg_hall_immortals_1_brt			false	derpy_gg_hall_immortals_1_brt	true	
derpy_gg_hall_immortals_2_brt	wh_main_brt_bretonnia	wh_main_PLACEHOLDER	derpy_gg_hall_immortals_2_brt			false	derpy_gg_hall_immortals_2_brt	true	
derpy_gg_hall_daemonsmiths_0_brt	wh_main_brt_bretonnia	wh_main_PLACEHOLDER	derpy_gg_hall_daemonsmiths_0_brt			false	derpy_gg_hall_daemonsmiths_0_brt	true	
derpy_gg_hall_daemonsmiths_1_brt	wh_main_brt_bretonnia	wh_main_PLACEHOLDER	derpy_gg_hall_daemonsmiths_1_brt			false	derpy_gg_hall_daemonsmiths_1_brt	true	
derpy_gg_hall_daemonsmiths_2_brt	wh_main_brt_bretonnia	wh_main_PLACEHOLDER	derpy_gg_hall_daemonsmiths_2_brt			false	derpy_gg_hall_daemonsmiths_2_brt	true	
derpy_gg_hall_khanate_0_brt	wh_main_brt_bretonnia	wh_main_PLACEHOLDER	derpy_gg_hall_khanate_0_brt			false	derpy_gg_hall_khanate_0_brt	true	
derpy_gg_hall_khanate_1_brt	wh_main_brt_bretonnia	wh_main_PLACEHOLDER	derpy_gg_hall_khanate_1_brt			false	derpy_gg_hall_khanate_1_brt	true	
derpy_gg_hall_khanate_2_brt	wh_main_brt_bretonnia	wh_main_PLACEHOLDER	derpy_gg_hall_khanate_2_brt			false	derpy_gg_hall_khanate_2_brt	true	
derpy_gg_hall_overseers_0_brt	wh_main_brt_bretonnia	wh_main_PLACEHOLDER	derpy_gg_hall_overseers_0_brt			false	derpy_gg_hall_overseers_0_brt	true	
derpy_gg_hall_overseers_1_brt	wh_main_brt_bretonnia	wh_main_PLACEHOLDER	derpy_gg_hall_overseers_1_brt			false	derpy_gg_hall_overseers_1_brt	true	
derpy_gg_hall_overseers_2_brt	wh_main_brt_bretonnia	wh_main_PLACEHOLDER	derpy_gg_hall_overseers_2_brt			false	derpy_gg_hall_overseers_2_brt	true	
derpy_gg_hall_slavers_0_brt	wh_main_brt_bretonnia	wh_main_PLACEHOLDER	derpy_gg_hall_slavers_0_brt			false	derpy_gg_hall_slavers_0_brt	true	
derpy_gg_hall_slavers_1_brt	wh_main_brt_bretonnia	wh_main_PLACEHOLDER	derpy_gg_hall_slavers_1_brt			false	derpy_gg_hall_slavers_1_brt	true	
derpy_gg_hall_slavers_2_brt	wh_main_brt_bretonnia	wh_main_PLACEHOLDER	derpy_gg_hall_slavers_2_brt			false	derpy_gg_hall_slavers_2_brt	true	
derpy_gg_hall_temple_0_brt	wh_main_brt_bretonnia	wh_main_PLACEHOLDER	derpy_gg_hall_temple_0_brt			false	derpy_gg_hall_temple_0_brt	true	
derpy_gg_hall_temple_1_brt	wh_main_brt_bretonnia	wh_main_PLACEHOLDER	derpy_gg_hall_temple_1_brt			false	derpy_gg_hall_temple_1_brt	true	
derpy_gg_hall_temple_2_brt	wh_main_brt_bretonnia	wh_main_PLACEHOLDER	derpy_gg_hall_temple_2_brt			false	derpy_gg_hall_temple_2_brt	true	
derpy_gg_hall_brass_0_cth	wh3_main_cth_cathay		derpy_gg_hall_brass_cth			false	derpy_gg_hall_brass_0_cth	true	
derpy_gg_hall_brass_1_cth	wh3_main_cth_cathay		derpy_gg_hall_brass_cth			false	derpy_gg_hall_brass_1_cth	true	
derpy_gg_hall_brass_2_cth	wh3_main_cth_cathay		derpy_gg_hall_brass_cth			false	derpy_gg_hall_brass_2_cth	true	
derpy_gg_hall_immortals_0_cth	wh3_main_cth_cathay		derpy_gg_hall_immortals_cth			false	derpy_gg_hall_immortals_0_cth	true	
derpy_gg_hall_immortals_1_cth	wh3_main_cth_cathay		derpy_gg_hall_immortals_cth			false	derpy_gg_hall_immortals_1_cth	true	
derpy_gg_hall_immortals_2_cth	wh3_main_cth_cathay		derpy_gg_hall_immortals_cth			false	derpy_gg_hall_immortals_2_cth	true	
derpy_gg_hall_daemonsmiths_0_cth	wh3_main_cth_cathay		derpy_gg_hall_daemonsmiths_cth			false	derpy_gg_hall_daemonsmiths_0_cth	true	
derpy_gg_hall_daemonsmiths_1_cth	wh3_main_cth_cathay		derpy_gg_hall_daemonsmiths_cth			false	derpy_gg_hall_daemonsmiths_1_cth	true	
derpy_gg_hall_daemonsmiths_2_cth	wh3_main_cth_cathay		derpy_gg_hall_daemonsmiths_cth			false	derpy_gg_hall_daemonsmiths_2_cth	true	
derpy_gg_hall_khanate_0_cth	wh3_main_cth_cathay		derpy_gg_hall_khanate_cth			false	derpy_gg_hall_khanate_0_cth	true	
derpy_gg_hall_khanate_1_cth	wh3_main_cth_cathay		derpy_gg_hall_khanate_cth			false	derpy_gg_hall_khanate_1_cth	true	
derpy_gg_hall_khanate_2_cth	wh3_main_cth_cathay		derpy_gg_hall_khanate_cth			false	derpy_gg_hall_khanate_2_cth	true	
derpy_gg_hall_overseers_0_cth	wh3_main_cth_cathay		derpy_gg_hall_overseers_cth			false	derpy_gg_hall_overseers_0_cth	true	
derpy_gg_hall_overseers_1_cth	wh3_main_cth_cathay		derpy_gg_hall_overseers_cth			false	derpy_gg_hall_overseers_1_cth	true	
derpy_gg_hall_overseers_2_cth	wh3_main_cth_cathay		derpy_gg_hall_overseers_cth			false	derpy_gg_hall_overseers_2_cth	true	
derpy_gg_hall_slavers_0_cth	wh3_main_cth_cathay		derpy_gg_hall_slavers_cth			false	derpy_gg_hall_slavers_0_cth	true	
derpy_gg_hall_slavers_1_cth	wh3_main_cth_cathay		derpy_gg_hall_slavers_cth			false	derpy_gg_hall_slavers_1_cth	true	
derpy_gg_hall_slavers_2_cth	wh3_main_cth_cathay		derpy_gg_hall_slavers_cth			false	derpy_gg_hall_slavers_2_cth	true	
derpy_gg_hall_temple_0_cth	wh3_main_cth_cathay		derpy_gg_hall_temple_cth			false	derpy_gg_hall_temple_0_cth	true	
derpy_gg_hall_temple_1_cth	wh3_main_cth_cathay		derpy_gg_hall_temple_cth			false	derpy_gg_hall_temple_1_cth	true	
derpy_gg_hall_temple_2_cth	wh3_main_cth_cathay		derpy_gg_hall_temple_cth			false	derpy_gg_hall_temple_2_cth	true	
derpy_gg_hall_brass_0_ksl	wh3_main_ksl_kislev	wh_main_PLACEHOLDER	derpy_gg_hall_brass_ksl			false	derpy_gg_hall_brass_0_ksl	true	
derpy_gg_hall_brass_1_ksl	wh3_main_ksl_kislev	wh_main_PLACEHOLDER	derpy_gg_hall_brass_ksl			false	derpy_gg_hall_brass_1_ksl	true	
derpy_gg_hall_brass_2_ksl	wh3_main_ksl_kislev	wh_main_PLACEHOLDER	derpy_gg_hall_brass_ksl			false	derpy_gg_hall_brass_2_ksl	true	
derpy_gg_hall_immortals_0_ksl	wh3_main_ksl_kislev	wh_main_PLACEHOLDER	derpy_gg_hall_immortals_ksl			false	derpy_gg_hall_immortals_0_ksl	true	
derpy_gg_hall_immortals_1_ksl	wh3_main_ksl_kislev	wh_main_PLACEHOLDER	derpy_gg_hall_immortals_ksl			false	derpy_gg_hall_immortals_1_ksl	true	
derpy_gg_hall_immortals_2_ksl	wh3_main_ksl_kislev	wh_main_PLACEHOLDER	derpy_gg_hall_immortals_ksl			false	derpy_gg_hall_immortals_2_ksl	true	
derpy_gg_hall_daemonsmiths_0_ksl	wh3_main_ksl_kislev	wh_main_PLACEHOLDER	derpy_gg_hall_daemonsmiths_ksl			false	derpy_gg_hall_daemonsmiths_0_ksl	true	
derpy_gg_hall_daemonsmiths_1_ksl	wh3_main_ksl_kislev	wh_main_PLACEHOLDER	derpy_gg_hall_daemonsmiths_ksl			false	derpy_gg_hall_daemonsmiths_1_ksl	true	
derpy_gg_hall_daemonsmiths_2_ksl	wh3_main_ksl_kislev	wh_main_PLACEHOLDER	derpy_gg_hall_daemonsmiths_ksl			false	derpy_gg_hall_daemonsmiths_2_ksl	true	
derpy_gg_hall_khanate_0_ksl	wh3_main_ksl_kislev	wh_main_PLACEHOLDER	derpy_gg_hall_khanate_ksl			false	derpy_gg_hall_khanate_0_ksl	true	
derpy_gg_hall_khanate_1_ksl	wh3_main_ksl_kislev	wh_main_PLACEHOLDER	derpy_gg_hall_khanate_ksl			false	derpy_gg_hall_khanate_1_ksl	true	
derpy_gg_hall_khanate_2_ksl	wh3_main_ksl_kislev	wh_main_PLACEHOLDER	derpy_gg_hall_khanate_ksl			false	derpy_gg_hall_khanate_2_ksl	true	
derpy_gg_hall_overseers_0_ksl	wh3_main_ksl_kislev	wh_main_PLACEHOLDER	derpy_gg_hall_overseers_ksl			false	derpy_gg_hall_overseers_0_ksl	true	
derpy_gg_hall_overseers_1_ksl	wh3_main_ksl_kislev	wh_main_PLACEHOLDER	derpy_gg_hall_overseers_ksl			false	derpy_gg_hall_overseers_1_ksl	true	
derpy_gg_hall_overseers_2_ksl	wh3_main_ksl_kislev	wh_main_PLACEHOLDER	derpy_gg_hall_overseers_ksl			false	derpy_gg_hall_overseers_2_ksl	true	
derpy_gg_hall_slavers_0_ksl	wh3_main_ksl_kislev	wh_main_PLACEHOLDER	derpy_gg_hall_slavers_ksl			false	derpy_gg_hall_slavers_0_ksl	true	
derpy_gg_hall_slavers_1_ksl	wh3_main_ksl_kislev	wh_main_PLACEHOLDER	derpy_gg_hall_slavers_ksl			false	derpy_gg_hall_slavers_1_ksl	true	
derpy_gg_hall_slavers_2_ksl	wh3_main_ksl_kislev	wh_main_PLACEHOLDER	derpy_gg_hall_slavers_ksl			false	derpy_gg_hall_slavers_2_ksl	true	
derpy_gg_hall_temple_0_ksl	wh3_main_ksl_kislev	wh_main_PLACEHOLDER	derpy_gg_hall_temple_ksl			false	derpy_gg_hall_temple_0_ksl	true	
derpy_gg_hall_temple_1_ksl	wh3_main_ksl_kislev	wh_main_PLACEHOLDER	derpy_gg_hall_temple_ksl			false	derpy_gg_hall_temple_1_ksl	true	
derpy_gg_hall_temple_2_ksl	wh3_main_ksl_kislev	wh_main_PLACEHOLDER	derpy_gg_hall_temple_ksl			false	derpy_gg_hall_temple_2_ksl	true	
derpy_gg_hall_brass_0_def		wh_main_PLACEHOLDER	derpy_gg_hall_brass_def			false	derpy_gg_hall_brass_0_def	true	
derpy_gg_hall_brass_1_def		wh_main_PLACEHOLDER	derpy_gg_hall_brass_def			false	derpy_gg_hall_brass_1_def	true	
derpy_gg_hall_brass_2_def		wh_main_PLACEHOLDER	derpy_gg_hall_brass_def			false	derpy_gg_hall_brass_2_def	true	
derpy_gg_hall_immortals_0_def		wh_main_PLACEHOLDER	derpy_gg_hall_immortals_def			false	derpy_gg_hall_immortals_0_def	true	
derpy_gg_hall_immortals_1_def		wh_main_PLACEHOLDER	derpy_gg_hall_immortals_def			false	derpy_gg_hall_immortals_1_def	true	
derpy_gg_hall_immortals_2_def		wh_main_PLACEHOLDER	derpy_gg_hall_immortals_def			false	derpy_gg_hall_immortals_2_def	true	
derpy_gg_hall_daemonsmiths_0_def		wh_main_PLACEHOLDER	derpy_gg_hall_daemonsmiths_def			false	derpy_gg_hall_daemonsmiths_0_def	true	
derpy_gg_hall_daemonsmiths_1_def		wh_main_PLACEHOLDER	derpy_gg_hall_daemonsmiths_def			false	derpy_gg_hall_daemonsmiths_1_def	true	
derpy_gg_hall_daemonsmiths_2_def		wh_main_PLACEHOLDER	derpy_gg_hall_daemonsmiths_def			false	derpy_gg_hall_daemonsmiths_2_def	true	
derpy_gg_hall_khanate_0_def		wh_main_PLACEHOLDER	derpy_gg_hall_khanate_def			false	derpy_gg_hall_khanate_0_def	true	
derpy_gg_hall_khanate_1_def		wh_main_PLACEHOLDER	derpy_gg_hall_khanate_def			false	derpy_gg_hall_khanate_1_def	true	
derpy_gg_hall_khanate_2_def		wh_main_PLACEHOLDER	derpy_gg_hall_khanate_def			false	derpy_gg_hall_khanate_2_def	true	
derpy_gg_hall_overseers_0_def		wh_main_PLACEHOLDER	derpy_gg_hall_overseers_def			false	derpy_gg_hall_overseers_0_def	true	
derpy_gg_hall_overseers_1_def		wh_main_PLACEHOLDER	derpy_gg_hall_overseers_def			false	derpy_gg_hall_overseers_1_def	true	
derpy_gg_hall_overseers_2_def		wh_main_PLACEHOLDER	derpy_gg_hall_overseers_def			false	derpy_gg_hall_overseers_2_def	true	
derpy_gg_hall_slavers_0_def		wh_main_PLACEHOLDER	derpy_gg_hall_slavers_def			false	derpy_gg_hall_slavers_0_def	true	
derpy_gg_hall_slavers_1_def		wh_main_PLACEHOLDER	derpy_gg_hall_slavers_def			false	derpy_gg_hall_slavers_1_def	true	
derpy_gg_hall_slavers_2_def		wh_main_PLACEHOLDER	derpy_gg_hall_slavers_def			false	derpy_gg_hall_slavers_2_def	true	
derpy_gg_hall_temple_0_def		wh_main_PLACEHOLDER	derpy_gg_hall_temple_def			false	derpy_gg_hall_temple_0_def	true	
derpy_gg_hall_temple_1_def		wh_main_PLACEHOLDER	derpy_gg_hall_temple_def			false	derpy_gg_hall_temple_1_def	true	
derpy_gg_hall_temple_2_def		wh_main_PLACEHOLDER	derpy_gg_hall_temple_def			false	derpy_gg_hall_temple_2_def	true	
derpy_gg_hall_brass_0_hef		wh_main_PLACEHOLDER	derpy_gg_hall_brass_hef			false	derpy_gg_hall_brass_0_hef	true	
derpy_gg_hall_brass_1_hef		wh_main_PLACEHOLDER	derpy_gg_hall_brass_hef			false	derpy_gg_hall_brass_1_hef	true	
derpy_gg_hall_brass_2_hef		wh_main_PLACEHOLDER	derpy_gg_hall_brass_hef			false	derpy_gg_hall_brass_2_hef	true	
derpy_gg_hall_immortals_0_hef		wh_main_PLACEHOLDER	derpy_gg_hall_immortals_hef			false	derpy_gg_hall_immortals_0_hef	true	
derpy_gg_hall_immortals_1_hef		wh_main_PLACEHOLDER	derpy_gg_hall_immortals_hef			false	derpy_gg_hall_immortals_1_hef	true	
derpy_gg_hall_immortals_2_hef		wh_main_PLACEHOLDER	derpy_gg_hall_immortals_hef			false	derpy_gg_hall_immortals_2_hef	true	
derpy_gg_hall_daemonsmiths_0_hef		wh_main_PLACEHOLDER	derpy_gg_hall_daemonsmiths_hef			false	derpy_gg_hall_daemonsmiths_0_hef	true	
derpy_gg_hall_daemonsmiths_1_hef		wh_main_PLACEHOLDER	derpy_gg_hall_daemonsmiths_hef			false	derpy_gg_hall_daemonsmiths_1_hef	true	
derpy_gg_hall_daemonsmiths_2_hef		wh_main_PLACEHOLDER	derpy_gg_hall_daemonsmiths_hef			false	derpy_gg_hall_daemonsmiths_2_hef	true	
derpy_gg_hall_khanate_0_hef		wh_main_PLACEHOLDER	derpy_gg_hall_khanate_hef			false	derpy_gg_hall_khanate_0_hef	true	
derpy_gg_hall_khanate_1_hef		wh_main_PLACEHOLDER	derpy_gg_hall_khanate_hef			false	derpy_gg_hall_khanate_1_hef	true	
derpy_gg_hall_khanate_2_hef		wh_main_PLACEHOLDER	derpy_gg_hall_khanate_hef			false	derpy_gg_hall_khanate_2_hef	true	
derpy_gg_hall_overseers_0_hef		wh_main_PLACEHOLDER	derpy_gg_hall_overseers_hef			false	derpy_gg_hall_overseers_0_hef	true	
derpy_gg_hall_overseers_1_hef		wh_main_PLACEHOLDER	derpy_gg_hall_overseers_hef			false	derpy_gg_hall_overseers_1_hef	true	
derpy_gg_hall_overseers_2_hef		wh_main_PLACEHOLDER	derpy_gg_hall_overseers_hef			false	derpy_gg_hall_overseers_2_hef	true	
derpy_gg_hall_slavers_0_hef		wh_main_PLACEHOLDER	derpy_gg_hall_slavers_hef			false	derpy_gg_hall_slavers_0_hef	true	
derpy_gg_hall_slavers_1_hef		wh_main_PLACEHOLDER	derpy_gg_hall_slavers_hef			false	derpy_gg_hall_slavers_1_hef	true	
derpy_gg_hall_slavers_2_hef		wh_main_PLACEHOLDER	derpy_gg_hall_slavers_hef			false	derpy_gg_hall_slavers_2_hef	true	
derpy_gg_hall_temple_0_hef		wh_main_PLACEHOLDER	derpy_gg_hall_temple_hef			false	derpy_gg_hall_temple_0_hef	true	
derpy_gg_hall_temple_1_hef		wh_main_PLACEHOLDER	derpy_gg_hall_temple_hef			false	derpy_gg_hall_temple_1_hef	true	
derpy_gg_hall_temple_2_hef		wh_main_PLACEHOLDER	derpy_gg_hall_temple_hef			false	derpy_gg_hall_temple_2_hef	true	
derpy_gg_hall_brass_0_skv		wh_main_PLACEHOLDER	derpy_gg_hall_brass_skv			false	derpy_gg_hall_brass_0_skv	true	
derpy_gg_hall_brass_1_skv		wh_main_PLACEHOLDER	derpy_gg_hall_brass_skv			false	derpy_gg_hall_brass_1_skv	true	
derpy_gg_hall_brass_2_skv		wh_main_PLACEHOLDER	derpy_gg_hall_brass_skv			false	derpy_gg_hall_brass_2_skv	true	
derpy_gg_hall_immortals_0_skv		wh_main_PLACEHOLDER	derpy_gg_hall_immortals_skv			false	derpy_gg_hall_immortals_0_skv	true	
derpy_gg_hall_immortals_1_skv		wh_main_PLACEHOLDER	derpy_gg_hall_immortals_skv			false	derpy_gg_hall_immortals_1_skv	true	
derpy_gg_hall_immortals_2_skv		wh_main_PLACEHOLDER	derpy_gg_hall_immortals_skv			false	derpy_gg_hall_immortals_2_skv	true	
derpy_gg_hall_daemonsmiths_0_skv		wh_main_PLACEHOLDER	derpy_gg_hall_daemonsmiths_skv			false	derpy_gg_hall_daemonsmiths_0_skv	true	
derpy_gg_hall_daemonsmiths_1_skv		wh_main_PLACEHOLDER	derpy_gg_hall_daemonsmiths_skv			false	derpy_gg_hall_daemonsmiths_1_skv	true	
derpy_gg_hall_daemonsmiths_2_skv		wh_main_PLACEHOLDER	derpy_gg_hall_daemonsmiths_skv			false	derpy_gg_hall_daemonsmiths_2_skv	true	
derpy_gg_hall_khanate_0_skv		wh_main_PLACEHOLDER	derpy_gg_hall_khanate_skv			false	derpy_gg_hall_khanate_0_skv	true	
derpy_gg_hall_khanate_1_skv		wh_main_PLACEHOLDER	derpy_gg_hall_khanate_skv			false	derpy_gg_hall_khanate_1_skv	true	
derpy_gg_hall_khanate_2_skv		wh_main_PLACEHOLDER	derpy_gg_hall_khanate_skv			false	derpy_gg_hall_khanate_2_skv	true	
derpy_gg_hall_overseers_0_skv		wh_main_PLACEHOLDER	derpy_gg_hall_overseers_skv			false	derpy_gg_hall_overseers_0_skv	true	
derpy_gg_hall_overseers_1_skv		wh_main_PLACEHOLDER	derpy_gg_hall_overseers_skv			false	derpy_gg_hall_overseers_1_skv	true	
derpy_gg_hall_overseers_2_skv		wh_main_PLACEHOLDER	derpy_gg_hall_overseers_skv			false	derpy_gg_hall_overseers_2_skv	true	
derpy_gg_hall_slavers_0_skv		wh_main_PLACEHOLDER	derpy_gg_hall_slavers_skv			false	derpy_gg_hall_slavers_0_skv	true	
derpy_gg_hall_slavers_1_skv		wh_main_PLACEHOLDER	derpy_gg_hall_slavers_skv			false	derpy_gg_hall_slavers_1_skv	true	
derpy_gg_hall_slavers_2_skv		wh_main_PLACEHOLDER	derpy_gg_hall_slavers_skv			false	derpy_gg_hall_slavers_2_skv	true	
derpy_gg_hall_temple_0_skv		wh_main_PLACEHOLDER	derpy_gg_hall_temple_skv			false	derpy_gg_hall_temple_0_skv	true	
derpy_gg_hall_temple_1_skv		wh_main_PLACEHOLDER	derpy_gg_hall_temple_skv			false	derpy_gg_hall_temple_1_skv	true	
derpy_gg_hall_temple_2_skv		wh_main_PLACEHOLDER	derpy_gg_hall_temple_skv			false	derpy_gg_hall_temple_2_skv	true	
