building	unit	XP	key	conditions	faction	enabled
#building_units_allowed_tables;4;db/building_units_allowed_tables/derpy_great_guilds						
derpy_gg_hall_brass_0	wh3_dlc23_chd_cav_hobgoblin_wolf_raiders_bows	0	1655820876	0		false
derpy_gg_hall_brass_1	wh3_dlc23_chd_cav_hobgoblin_wolf_raiders_bows	1	1315832617	0		false
derpy_gg_hall_brass_2	wh3_dlc23_chd_cav_hobgoblin_wolf_raiders_bows	2	1125433478	0		false
derpy_gg_hall_immortals_1	wh3_dlc23_chd_inf_infernal_guard	1	1670943595	0		false
derpy_gg_hall_immortals_2	wh3_dlc23_chd_inf_infernal_guard	2	1236871729	0		false
derpy_gg_hall_daemonsmiths_1	wh3_dlc23_chd_mon_kdaai_fireborn	1	1189906683	0		false
derpy_gg_hall_daemonsmiths_2	wh3_dlc23_chd_mon_kdaai_fireborn	2	1550801825	0		false
derpy_gg_hall_khanate_0	wh3_dlc23_chd_inf_hobgoblin_sneaky_gits	0	1844307537	0		false
derpy_gg_hall_khanate_1	wh3_dlc23_chd_inf_hobgoblin_sneaky_gits	1	1247784176	0		false
derpy_gg_hall_khanate_2	wh3_dlc23_chd_inf_hobgoblin_sneaky_gits	2	1723056466	0		false
derpy_gg_hall_overseers_0	wh3_dlc23_chd_inf_chaos_dwarf_warriors	0	1269513897	0		false
derpy_gg_hall_overseers_1	wh3_dlc23_chd_inf_chaos_dwarf_warriors	1	1210012398	0		false
derpy_gg_hall_overseers_2	wh3_dlc23_chd_inf_chaos_dwarf_warriors	2	1515031654	0		false
derpy_gg_hall_slavers_0	wh3_dlc23_chd_inf_hobgoblin_cutthroats	0	1426849103	0		false
derpy_gg_hall_slavers_1	wh3_dlc23_chd_inf_hobgoblin_cutthroats	1	1199509768	0		false
derpy_gg_hall_slavers_2	wh3_dlc23_chd_inf_hobgoblin_cutthroats	2	1505643392	0		false
derpy_gg_hall_temple_1	wh3_dlc23_chd_mon_lammasu	1	1466083050	0		false
derpy_gg_hall_temple_2	wh3_dlc23_chd_mon_lammasu	2	1841362729	0		false
derpy_gg_hall_brass_0_emp	wh_main_emp_cav_pistoliers_1	0	1317230864	0		false
derpy_gg_hall_brass_1_emp	wh_main_emp_cav_pistoliers_1	1	1778452518	0		false
derpy_gg_hall_brass_2_emp	wh_main_emp_cav_pistoliers_1	2	1126352252	0		false
derpy_gg_hall_immortals_1_emp	wh_main_emp_inf_greatswords	1	1530596388	0		false
derpy_gg_hall_immortals_2_emp	wh_main_emp_inf_greatswords	2	1002932017	0		false
derpy_gg_hall_daemonsmiths_2_emp	wh_main_emp_art_helblaster_volley_gun	2	1793459359	0		false
derpy_gg_hall_khanate_0_emp	wh_main_emp_inf_crossbowmen	0	1869236366	0		false
derpy_gg_hall_khanate_1_emp	wh2_dlc13_emp_inf_huntsmen_0	1	1132749597	0		false
derpy_gg_hall_khanate_1_emp	wh_main_emp_inf_crossbowmen	1	1650243709	0		false
derpy_gg_hall_khanate_2_emp	wh2_dlc13_emp_inf_huntsmen_0	2	1771919943	0		false
derpy_gg_hall_khanate_2_emp	wh_main_emp_inf_crossbowmen	2	1336581992	0		false
derpy_gg_hall_overseers_0_emp	wh_main_emp_inf_halberdiers	0	1939257154	0		false
derpy_gg_hall_overseers_1_emp	wh_main_emp_inf_halberdiers	1	1695106993	0		false
derpy_gg_hall_overseers_2_emp	wh_main_emp_inf_halberdiers	2	1267638436	0		false
derpy_gg_hall_slavers_0_emp	wh_dlc04_emp_inf_free_company_militia_0	0	1587658434	0		false
derpy_gg_hall_slavers_0_emp	wh_main_emp_inf_swordsmen	0	1660305052	0		false
derpy_gg_hall_slavers_1_emp	wh_dlc04_emp_inf_free_company_militia_0	1	1967483534	0		false
derpy_gg_hall_slavers_1_emp	wh_main_emp_inf_swordsmen	1	1570154061	0		false
derpy_gg_hall_slavers_2_emp	wh_dlc04_emp_inf_free_company_militia_0	2	1107077147	0		false
derpy_gg_hall_slavers_2_emp	wh_main_emp_inf_swordsmen	2	1353609022	0		false
derpy_gg_hall_brass_0_dwf	wh_main_dwf_inf_thunderers_0	0	1260262294	0		false
derpy_gg_hall_brass_1_dwf	wh_main_dwf_inf_thunderers_0	1	1721492128	0		false
derpy_gg_hall_brass_2_dwf	wh_main_dwf_inf_thunderers_0	2	1183312890	0		false
derpy_gg_hall_immortals_1_dwf	wh_main_dwf_inf_hammerers	1	1848299256	0		false
derpy_gg_hall_immortals_2_dwf	wh_main_dwf_inf_hammerers	2	1097346443	0		false
derpy_gg_hall_daemonsmiths_1_dwf	wh_main_dwf_art_organ_gun	1	1384039699	0		false
derpy_gg_hall_daemonsmiths_2_dwf	wh_main_dwf_art_organ_gun	2	1667681376	0		false
derpy_gg_hall_khanate_0_dwf	wh_dlc06_dwf_inf_rangers_0	0	1799281821	0		false
derpy_gg_hall_khanate_0_dwf	wh_main_dwf_inf_quarrellers_0	0	1589944588	0		false
derpy_gg_hall_khanate_1_dwf	wh_dlc06_dwf_inf_rangers_0	1	1330200375	0		false
derpy_gg_hall_khanate_1_dwf	wh_main_dwf_inf_quarrellers_0	1	1971465412	0		false
derpy_gg_hall_khanate_2_dwf	wh_dlc06_dwf_inf_rangers_0	2	1669065096	0		false
derpy_gg_hall_khanate_2_dwf	wh_main_dwf_inf_quarrellers_0	2	1734672093	0		false
derpy_gg_hall_overseers_0_dwf	wh_main_dwf_inf_miners_0	0	1026600062	0		false
derpy_gg_hall_overseers_1_dwf	wh_main_dwf_inf_miners_0	1	1039466870	0		false
derpy_gg_hall_overseers_2_dwf	wh_main_dwf_inf_miners_0	2	1035557486	0		false
derpy_gg_hall_slavers_0_dwf	wh_main_dwf_inf_slayers	0	1180738616	0		false
derpy_gg_hall_slavers_1_dwf	wh_main_dwf_inf_slayers	1	1627539228	0		false
derpy_gg_hall_slavers_2_dwf	wh_main_dwf_inf_slayers	2	1154763888	0		false
derpy_gg_hall_temple_0_dwf	wh2_dlc10_dwf_inf_giant_slayers	0	1261329453	0		false
derpy_gg_hall_temple_1_dwf	wh2_dlc10_dwf_inf_giant_slayers	1	1405664050	0		false
derpy_gg_hall_temple_2_dwf	wh2_dlc10_dwf_inf_giant_slayers	2	1573725778	0		false
derpy_gg_hall_brass_0_brt	wh_main_brt_cav_mounted_yeomen_0	0	1353590089	0		false
derpy_gg_hall_brass_1_brt	wh_main_brt_cav_mounted_yeomen_0	1	1248543915	0		false
derpy_gg_hall_brass_2_brt	wh_main_brt_cav_mounted_yeomen_0	2	1126043340	0		false
derpy_gg_hall_immortals_0_brt	wh_dlc07_brt_cav_knights_errant_0	0	1213766995	0		false
derpy_gg_hall_immortals_1_brt	wh_dlc07_brt_cav_knights_errant_0	1	1110759674	0		false
derpy_gg_hall_immortals_2_brt	wh_dlc07_brt_cav_knights_errant_0	2	1444215297	0		false
derpy_gg_hall_daemonsmiths_1_brt	wh_dlc07_brt_inf_grail_reliquae_0	1	1368831951	0		false
derpy_gg_hall_daemonsmiths_2_brt	wh_dlc07_brt_inf_grail_reliquae_0	2	1588239668	0		false
derpy_gg_hall_khanate_0_brt	wh_main_brt_inf_peasant_bowmen	0	1443873133	0		false
derpy_gg_hall_khanate_1_brt	wh_main_brt_inf_peasant_bowmen	1	1479901688	0		false
derpy_gg_hall_khanate_2_brt	wh_main_brt_inf_peasant_bowmen	2	1020656134	0		false
derpy_gg_hall_overseers_0_brt	wh_main_brt_art_field_trebuchet	0	1052779169	0		false
derpy_gg_hall_overseers_1_brt	wh_main_brt_art_field_trebuchet	1	1889561534	0		false
derpy_gg_hall_overseers_2_brt	wh_main_brt_art_field_trebuchet	2	1868865246	0		false
derpy_gg_hall_slavers_1_brt	wh_dlc07_brt_inf_battle_pilgrims_0	1	1337398859	0		false
derpy_gg_hall_slavers_2_brt	wh_dlc07_brt_inf_battle_pilgrims_0	2	1050737859	0		false
derpy_gg_hall_temple_2_brt	wh_main_brt_cav_grail_knights	2	1320493688	0		false
derpy_gg_hall_brass_0_cth	wh3_main_cth_cav_peasant_horsemen_0	0	1064943113	0		false
derpy_gg_hall_brass_1_cth	wh3_main_cth_cav_peasant_horsemen_0	1	1442338472	0		false
derpy_gg_hall_brass_2_cth	wh3_main_cth_cav_peasant_horsemen_0	2	1178852618	0		false
derpy_gg_hall_immortals_2_cth	wh3_main_cth_inf_dragon_guard_0	2	1393985948	0		false
derpy_gg_hall_daemonsmiths_2_cth	wh3_main_cth_art_fire_rain_rocket_battery_0	2	1729936111	0		false
derpy_gg_hall_khanate_0_cth	wh3_dlc24_cth_inf_onyx_crowmen	0	1407889194	0		false
derpy_gg_hall_khanate_1_cth	wh3_dlc24_cth_inf_onyx_crowmen	1	1452308415	0		false
derpy_gg_hall_khanate_1_cth	wh3_main_cth_inf_crane_gunners_0	1	1058665917	0		false
derpy_gg_hall_khanate_2_cth	wh3_dlc24_cth_inf_onyx_crowmen	2	1115360321	0		false
derpy_gg_hall_khanate_2_cth	wh3_main_cth_inf_crane_gunners_0	2	1318530010	0		false
derpy_gg_hall_overseers_0_cth	wh3_main_cth_inf_jade_warriors_0	0	1124244243	0		false
derpy_gg_hall_overseers_1_cth	wh3_main_cth_inf_jade_warriors_0	1	1078278897	0		false
derpy_gg_hall_overseers_2_cth	wh3_main_cth_inf_jade_warriors_0	2	1204290710	0		false
derpy_gg_hall_slavers_1_cth	wh3_main_cth_cav_jade_lancers_0	1	1529619123	0		false
derpy_gg_hall_slavers_2_cth	wh3_main_cth_cav_jade_lancers_0	2	1021831123	0		false
derpy_gg_hall_temple_0_cth	wh3_main_cth_mon_terracotta_sentinel_0	0	1327140422	0		false
derpy_gg_hall_temple_1_cth	wh3_main_cth_mon_terracotta_sentinel_0	1	1694668324	0		false
derpy_gg_hall_temple_2_cth	wh3_main_cth_mon_terracotta_sentinel_0	2	1739560066	0		false
derpy_gg_hall_brass_1_ksl	wh3_main_ksl_inf_streltsi_0	1	1953932644	0		false
derpy_gg_hall_brass_2_ksl	wh3_main_ksl_inf_streltsi_0	2	1943095921	0		false
derpy_gg_hall_immortals_1_ksl	wh3_main_ksl_inf_tzar_guard_0	1	1930802288	0		false
derpy_gg_hall_immortals_2_ksl	wh3_main_ksl_inf_tzar_guard_0	2	1173761129	0		false
derpy_gg_hall_daemonsmiths_2_ksl	wh3_main_ksl_inf_ice_guard_0	2	1021728413	0		false
derpy_gg_hall_khanate_0_ksl	wh3_dlc24_ksl_inf_akshina_ambushers	0	1308930809	0		false
derpy_gg_hall_khanate_0_ksl	wh3_main_ksl_cav_horse_archers_0	0	1726782255	0		false
derpy_gg_hall_khanate_1_ksl	wh3_dlc24_ksl_inf_akshina_ambushers	1	1636363352	0		false
derpy_gg_hall_khanate_1_ksl	wh3_main_ksl_cav_horse_archers_0	1	1403704013	0		false
derpy_gg_hall_khanate_2_ksl	wh3_dlc24_ksl_inf_akshina_ambushers	2	1193710074	0		false
derpy_gg_hall_khanate_2_ksl	wh3_main_ksl_cav_horse_archers_0	2	1507695786	0		false
derpy_gg_hall_overseers_0_ksl	wh3_main_ksl_inf_kossars_0	0	1915395672	0		false
derpy_gg_hall_overseers_1_ksl	wh3_main_ksl_inf_kossars_0	1	1213583858	0		false
derpy_gg_hall_overseers_2_ksl	wh3_main_ksl_inf_kossars_0	2	1257214797	0		false
derpy_gg_hall_slavers_0_ksl	wh3_main_ksl_cav_horse_raiders_0	0	1207801862	0		false
derpy_gg_hall_slavers_1_ksl	wh3_main_ksl_cav_horse_raiders_0	1	1001013732	0		false
derpy_gg_hall_slavers_2_ksl	wh3_main_ksl_cav_horse_raiders_0	2	1984419203	0		false
derpy_gg_hall_temple_2_ksl	wh3_main_ksl_cav_war_bear_riders_1	2	1353404560	0		false
derpy_gg_hall_brass_0_def	wh2_main_def_cav_dark_riders_0	0	1476265436	0		false
derpy_gg_hall_brass_1_def	wh2_main_def_cav_dark_riders_0	1	1514360137	0		false
derpy_gg_hall_brass_2_def	wh2_main_def_cav_dark_riders_0	2	1050883767	0		false
derpy_gg_hall_immortals_1_def	wh2_main_def_inf_black_guard_0	1	1920665869	0		false
derpy_gg_hall_immortals_2_def	wh2_main_def_inf_black_guard_0	2	1405097203	0		false
derpy_gg_hall_daemonsmiths_0_def	wh2_dlc10_def_cav_doomfire_warlocks_0	0	1314951899	0		false
derpy_gg_hall_daemonsmiths_0_def	wh2_main_def_art_reaper_bolt_thrower	0	1008949025	0		false
derpy_gg_hall_daemonsmiths_1_def	wh2_dlc10_def_cav_doomfire_warlocks_0	1	1158557216	0		false
derpy_gg_hall_daemonsmiths_1_def	wh2_main_def_art_reaper_bolt_thrower	1	1712734159	0		false
derpy_gg_hall_daemonsmiths_2_def	wh2_dlc10_def_cav_doomfire_warlocks_0	2	1225911085	0		false
derpy_gg_hall_daemonsmiths_2_def	wh2_main_def_art_reaper_bolt_thrower	2	1575991484	0		false
derpy_gg_hall_khanate_0_def	wh2_main_def_inf_shades_0	0	1443004257	0		false
derpy_gg_hall_khanate_1_def	wh2_main_def_inf_shades_0	1	1491441584	0		false
derpy_gg_hall_khanate_2_def	wh2_main_def_inf_shades_0	2	1271770819	0		false
derpy_gg_hall_overseers_0_def	wh2_main_def_inf_dreadspears_0	0	1725952033	0		false
derpy_gg_hall_overseers_1_def	wh2_main_def_inf_dreadspears_0	1	1923430580	0		false
derpy_gg_hall_overseers_2_def	wh2_main_def_inf_dreadspears_0	2	1407849802	0		false
derpy_gg_hall_slavers_0_def	wh2_main_def_inf_black_ark_corsairs_0	0	1750086456	0		false
derpy_gg_hall_slavers_1_def	wh2_main_def_inf_black_ark_corsairs_0	1	1792970691	0		false
derpy_gg_hall_slavers_2_def	wh2_main_def_inf_black_ark_corsairs_0	2	1866615502	0		false
derpy_gg_hall_temple_0_def	wh2_main_def_inf_witch_elves_0	0	1403321105	0		false
derpy_gg_hall_temple_1_def	wh2_main_def_inf_witch_elves_0	1	1335794564	0		false
derpy_gg_hall_temple_2_def	wh2_main_def_inf_witch_elves_0	2	1721338490	0		false
derpy_gg_hall_brass_0_hef	wh2_main_hef_inf_lothern_sea_guard_0	0	1750385871	0		false
derpy_gg_hall_brass_1_hef	wh2_main_hef_inf_lothern_sea_guard_0	1	1047581729	0		false
derpy_gg_hall_brass_2_hef	wh2_main_hef_inf_lothern_sea_guard_0	2	1988643666	0		false
derpy_gg_hall_immortals_1_hef	wh2_main_hef_inf_swordmasters_of_hoeth_0	1	1323976085	0		false
derpy_gg_hall_immortals_2_hef	wh2_main_hef_inf_swordmasters_of_hoeth_0	2	1178957088	0		false
derpy_gg_hall_daemonsmiths_1_hef	wh2_main_hef_inf_phoenix_guard	1	1101363049	0		false
derpy_gg_hall_daemonsmiths_2_hef	wh2_main_hef_inf_phoenix_guard	2	1694882967	0		false
derpy_gg_hall_khanate_0_hef	wh2_dlc10_hef_inf_shadow_warriors_0	0	1033867043	0		false
derpy_gg_hall_khanate_0_hef	wh2_main_hef_inf_archers_0	0	1984646959	0		false
derpy_gg_hall_khanate_1_hef	wh2_dlc10_hef_inf_shadow_warriors_0	1	1410549634	0		false
derpy_gg_hall_khanate_1_hef	wh2_main_hef_inf_archers_0	1	1274445957	0		false
derpy_gg_hall_khanate_2_hef	wh2_dlc10_hef_inf_shadow_warriors_0	2	1214344224	0		false
derpy_gg_hall_khanate_2_hef	wh2_main_hef_inf_archers_0	2	1317945914	0		false
derpy_gg_hall_overseers_0_hef	wh2_main_hef_inf_spearmen_0	0	1226383610	0		false
derpy_gg_hall_overseers_1_hef	wh2_main_hef_inf_spearmen_0	1	1139525129	0		false
derpy_gg_hall_overseers_2_hef	wh2_main_hef_inf_spearmen_0	2	1913703196	0		false
derpy_gg_hall_slavers_0_hef	wh2_main_hef_cav_ellyrian_reavers_0	0	1030092372	0		false
derpy_gg_hall_slavers_1_hef	wh2_main_hef_cav_ellyrian_reavers_0	1	1581044469	0		false
derpy_gg_hall_slavers_2_hef	wh2_main_hef_cav_ellyrian_reavers_0	2	1909889879	0		false
derpy_gg_hall_temple_1_hef	wh2_main_hef_inf_phoenix_guard	1	1283273811	0		false
derpy_gg_hall_temple_2_hef	wh2_main_hef_inf_phoenix_guard	2	1946292653	0		false
derpy_gg_hall_brass_0_skv	wh2_main_skv_inf_skavenslaves_0	0	1054822963	0		false
derpy_gg_hall_brass_1_skv	wh2_main_skv_inf_skavenslaves_0	1	1209652524	0		false
derpy_gg_hall_brass_2_skv	wh2_main_skv_inf_skavenslaves_0	2	1654656076	0		false
derpy_gg_hall_immortals_1_skv	wh2_main_skv_inf_stormvermin_0	1	1845129805	0		false
derpy_gg_hall_immortals_2_skv	wh2_main_skv_inf_stormvermin_0	2	1455412147	0		false
derpy_gg_hall_daemonsmiths_0_skv	wh2_main_skv_inf_warpfire_thrower	0	1152228794	0		false
derpy_gg_hall_daemonsmiths_1_skv	wh2_main_skv_inf_warpfire_thrower	1	1201395731	0		false
derpy_gg_hall_daemonsmiths_2_skv	wh2_main_skv_inf_warpfire_thrower	2	1483078376	0		false
derpy_gg_hall_khanate_0_skv	wh2_main_skv_inf_gutter_runners_0	0	1240332528	0		false
derpy_gg_hall_khanate_1_skv	wh2_main_skv_inf_gutter_runners_0	1	1088038233	0		false
derpy_gg_hall_khanate_2_skv	wh2_main_skv_inf_gutter_runners_0	2	1470525346	0		false
derpy_gg_hall_overseers_0_skv	wh2_main_skv_mon_rat_ogres	0	1478088317	0		false
derpy_gg_hall_overseers_1_skv	wh2_main_skv_mon_rat_ogres	1	1651418583	0		false
derpy_gg_hall_overseers_2_skv	wh2_main_skv_mon_rat_ogres	2	1876353896	0		false
derpy_gg_hall_slavers_0_skv	wh2_main_skv_inf_clanrats_0	0	1563039840	0		false
derpy_gg_hall_slavers_1_skv	wh2_main_skv_inf_clanrats_0	1	1394124947	0		false
derpy_gg_hall_slavers_2_skv	wh2_main_skv_inf_clanrats_0	2	1282043782	0		false
