level_name	chain	level	create_time	create_cost	upkeep_cost	commodity	only_in_capital	faction_unique	first_in_world_bundle	resource_requirement	can_convert	building_instance_key	should_show_building_level_in_ui_for_technology	health_override	development_point_cost	can_be_damaged	primary_slot_building_building_level_requirement	audio_building_type	visible_in_ui	food_cost	slave_cap_contribution	resource_cost	additional_loot_value	resource_transaction_on_complete	split_chain_sort_order	override_startpos_settlement_display_building
#building_levels_tables;3;db/building_levels_tables/derpy_great_guilds																										
derpy_gg_hall_brass_0	derpy_gg_hall_brass	0	3	1500	0		false	false			true	derpy_gg_hall	false	0.0	0	true	2		true	0	0		2000		-1	false
derpy_gg_hall_brass_1	derpy_gg_hall_brass	1	5	3000	0		false	true			true	derpy_gg_hall	false	0.0	0	true	3		true	0	0		2000		-1	false
derpy_gg_hall_brass_2	derpy_gg_hall_brass	2	8	6000	0		false	true			true	derpy_gg_hall	false	0.0	0	true	4		true	0	0		2000		-1	false
derpy_gg_hall_immortals_0	derpy_gg_hall_immortals	0	3	1500	0		false	false			true	derpy_gg_hall	false	0.0	0	true	2		true	0	0		2000		-1	false
derpy_gg_hall_immortals_1	derpy_gg_hall_immortals	1	5	3000	0		false	true			true	derpy_gg_hall	false	0.0	0	true	3		true	0	0		2000		-1	false
derpy_gg_hall_immortals_2	derpy_gg_hall_immortals	2	8	6000	0		false	true			true	derpy_gg_hall	false	0.0	0	true	4		true	0	0		2000		-1	false
derpy_gg_hall_daemonsmiths_0	derpy_gg_hall_daemonsmiths	0	3	1500	0		false	false			true	derpy_gg_hall	false	0.0	0	true	2		true	0	0		2000		-1	false
derpy_gg_hall_daemonsmiths_1	derpy_gg_hall_daemonsmiths	1	5	3000	0		false	true			true	derpy_gg_hall	false	0.0	0	true	3		true	0	0		2000		-1	false
derpy_gg_hall_daemonsmiths_2	derpy_gg_hall_daemonsmiths	2	8	6000	0		false	true			true	derpy_gg_hall	false	0.0	0	true	4		true	0	0		2000		-1	false
derpy_gg_hall_khanate_0	derpy_gg_hall_khanate	0	3	1500	0		false	false			true	derpy_gg_hall	false	0.0	0	true	2		true	0	0		2000		-1	false
derpy_gg_hall_khanate_1	derpy_gg_hall_khanate	1	5	3000	0		false	true			true	derpy_gg_hall	false	0.0	0	true	3		true	0	0		2000		-1	false
derpy_gg_hall_khanate_2	derpy_gg_hall_khanate	2	8	6000	0		false	true			true	derpy_gg_hall	false	0.0	0	true	4		true	0	0		2000		-1	false
derpy_gg_hall_overseers_0	derpy_gg_hall_overseers	0	3	1500	0		false	false			true	derpy_gg_hall	false	0.0	0	true	2		true	0	0		2000		-1	false
derpy_gg_hall_overseers_1	derpy_gg_hall_overseers	1	5	3000	0		false	true			true	derpy_gg_hall	false	0.0	0	true	3		true	0	0		2000		-1	false
derpy_gg_hall_overseers_2	derpy_gg_hall_overseers	2	8	6000	0		false	true			true	derpy_gg_hall	false	0.0	0	true	4		true	0	0		2000		-1	false
derpy_gg_hall_slavers_0	derpy_gg_hall_slavers	0	3	1500	0		false	false			true	derpy_gg_hall	false	0.0	0	true	2		true	0	0		2000		-1	false
derpy_gg_hall_slavers_1	derpy_gg_hall_slavers	1	5	3000	0		false	true			true	derpy_gg_hall	false	0.0	0	true	3		true	0	0		2000		-1	false
derpy_gg_hall_slavers_2	derpy_gg_hall_slavers	2	8	6000	0		false	true			true	derpy_gg_hall	false	0.0	0	true	4		true	0	0		2000		-1	false
derpy_gg_hall_temple_0	derpy_gg_hall_temple	0	3	1500	0		false	false			true	derpy_gg_hall	false	0.0	0	true	2		true	0	0		2000		-1	false
derpy_gg_hall_temple_1	derpy_gg_hall_temple	1	5	3000	0		false	true			true	derpy_gg_hall	false	0.0	0	true	3		true	0	0		2000		-1	false
derpy_gg_hall_temple_2	derpy_gg_hall_temple	2	8	6000	0		false	true			true	derpy_gg_hall	false	0.0	0	true	4		true	0	0		2000		-1	false
derpy_gg_hall_brass_0_emp	derpy_gg_hall_brass_emp	0	3	1500	0		false	false			true	derpy_gg_hall	false	0.0	0	true	2		true	0	0		0		-1	false
derpy_gg_hall_brass_1_emp	derpy_gg_hall_brass_emp	1	5	3000	0		false	true			true	derpy_gg_hall	false	0.0	0	true	3		true	0	0		0		-1	false
derpy_gg_hall_brass_2_emp	derpy_gg_hall_brass_emp	2	8	6000	0		false	true			true	derpy_gg_hall	false	0.0	0	true	4		true	0	0		0		-1	false
derpy_gg_hall_immortals_0_emp	derpy_gg_hall_immortals_emp	0	3	1500	0		false	false			true	derpy_gg_hall	false	0.0	0	true	2		true	0	0		0		-1	false
derpy_gg_hall_immortals_1_emp	derpy_gg_hall_immortals_emp	1	5	3000	0		false	true			true	derpy_gg_hall	false	0.0	0	true	3		true	0	0		0		-1	false
derpy_gg_hall_immortals_2_emp	derpy_gg_hall_immortals_emp	2	8	6000	0		false	true			true	derpy_gg_hall	false	0.0	0	true	4		true	0	0		0		-1	false
derpy_gg_hall_daemonsmiths_0_emp	derpy_gg_hall_daemonsmiths_emp	0	3	1500	0		false	false			true	derpy_gg_hall	false	0.0	0	true	2		true	0	0		0		-1	false
derpy_gg_hall_daemonsmiths_1_emp	derpy_gg_hall_daemonsmiths_emp	1	5	3000	0		false	true			true	derpy_gg_hall	false	0.0	0	true	3		true	0	0		0		-1	false
derpy_gg_hall_daemonsmiths_2_emp	derpy_gg_hall_daemonsmiths_emp	2	8	6000	0		false	true			true	derpy_gg_hall	false	0.0	0	true	4		true	0	0		0		-1	false
derpy_gg_hall_khanate_0_emp	derpy_gg_hall_khanate_emp	0	3	1500	0		false	false			true	derpy_gg_hall	false	0.0	0	true	2		true	0	0		0		-1	false
derpy_gg_hall_khanate_1_emp	derpy_gg_hall_khanate_emp	1	5	3000	0		false	true			true	derpy_gg_hall	false	0.0	0	true	3		true	0	0		0		-1	false
derpy_gg_hall_khanate_2_emp	derpy_gg_hall_khanate_emp	2	8	6000	0		false	true			true	derpy_gg_hall	false	0.0	0	true	4		true	0	0		0		-1	false
derpy_gg_hall_overseers_0_emp	derpy_gg_hall_overseers_emp	0	3	1500	0		false	false			true	derpy_gg_hall	false	0.0	0	true	2		true	0	0		0		-1	false
derpy_gg_hall_overseers_1_emp	derpy_gg_hall_overseers_emp	1	5	3000	0		false	true			true	derpy_gg_hall	false	0.0	0	true	3		true	0	0		0		-1	false
derpy_gg_hall_overseers_2_emp	derpy_gg_hall_overseers_emp	2	8	6000	0		false	true			true	derpy_gg_hall	false	0.0	0	true	4		true	0	0		0		-1	false
derpy_gg_hall_slavers_0_emp	derpy_gg_hall_slavers_emp	0	3	1500	0		false	false			true	derpy_gg_hall	false	0.0	0	true	2		true	0	0		0		-1	false
derpy_gg_hall_slavers_1_emp	derpy_gg_hall_slavers_emp	1	5	3000	0		false	true			true	derpy_gg_hall	false	0.0	0	true	3		true	0	0		0		-1	false
derpy_gg_hall_slavers_2_emp	derpy_gg_hall_slavers_emp	2	8	6000	0		false	true			true	derpy_gg_hall	false	0.0	0	true	4		true	0	0		0		-1	false
derpy_gg_hall_temple_0_emp	derpy_gg_hall_temple_emp	0	3	1500	0		false	false			true	derpy_gg_hall	false	0.0	0	true	2		true	0	0		0		-1	false
derpy_gg_hall_temple_1_emp	derpy_gg_hall_temple_emp	1	5	3000	0		false	true			true	derpy_gg_hall	false	0.0	0	true	3		true	0	0		0		-1	false
derpy_gg_hall_temple_2_emp	derpy_gg_hall_temple_emp	2	8	6000	0		false	true			true	derpy_gg_hall	false	0.0	0	true	4		true	0	0		0		-1	false
derpy_gg_hall_brass_0_dwf	derpy_gg_hall_brass_dwf	0	3	1500	0		false	false			true	derpy_gg_hall	true	0.0	0	true	2		true	0	0		0		-1	false
derpy_gg_hall_brass_1_dwf	derpy_gg_hall_brass_dwf	1	5	3000	0		false	true			true	derpy_gg_hall	true	0.0	0	true	3		true	0	0		0		-1	false
derpy_gg_hall_brass_2_dwf	derpy_gg_hall_brass_dwf	2	8	6000	0		false	true			true	derpy_gg_hall	true	0.0	0	true	4		true	0	0		0		-1	false
derpy_gg_hall_immortals_0_dwf	derpy_gg_hall_immortals_dwf	0	3	1500	0		false	false			true	derpy_gg_hall	true	0.0	0	true	2		true	0	0		0		-1	false
derpy_gg_hall_immortals_1_dwf	derpy_gg_hall_immortals_dwf	1	5	3000	0		false	true			true	derpy_gg_hall	true	0.0	0	true	3		true	0	0		0		-1	false
derpy_gg_hall_immortals_2_dwf	derpy_gg_hall_immortals_dwf	2	8	6000	0		false	true			true	derpy_gg_hall	true	0.0	0	true	4		true	0	0		0		-1	false
derpy_gg_hall_daemonsmiths_0_dwf	derpy_gg_hall_daemonsmiths_dwf	0	3	1500	0		false	false			true	derpy_gg_hall	true	0.0	0	true	2		true	0	0		0		-1	false
derpy_gg_hall_daemonsmiths_1_dwf	derpy_gg_hall_daemonsmiths_dwf	1	5	3000	0		false	true			true	derpy_gg_hall	true	0.0	0	true	3		true	0	0		0		-1	false
derpy_gg_hall_daemonsmiths_2_dwf	derpy_gg_hall_daemonsmiths_dwf	2	8	6000	0		false	true			true	derpy_gg_hall	true	0.0	0	true	4		true	0	0		0		-1	false
derpy_gg_hall_khanate_0_dwf	derpy_gg_hall_khanate_dwf	0	3	1500	0		false	false			true	derpy_gg_hall	true	0.0	0	true	2		true	0	0		0		-1	false
derpy_gg_hall_khanate_1_dwf	derpy_gg_hall_khanate_dwf	1	5	3000	0		false	true			true	derpy_gg_hall	true	0.0	0	true	3		true	0	0		0		-1	false
derpy_gg_hall_khanate_2_dwf	derpy_gg_hall_khanate_dwf	2	8	6000	0		false	true			true	derpy_gg_hall	true	0.0	0	true	4		true	0	0		0		-1	false
derpy_gg_hall_overseers_0_dwf	derpy_gg_hall_overseers_dwf	0	3	1500	0		false	false			true	derpy_gg_hall	true	0.0	0	true	2		true	0	0		0		-1	false
derpy_gg_hall_overseers_1_dwf	derpy_gg_hall_overseers_dwf	1	5	3000	0		false	true			true	derpy_gg_hall	true	0.0	0	true	3		true	0	0		0		-1	false
derpy_gg_hall_overseers_2_dwf	derpy_gg_hall_overseers_dwf	2	8	6000	0		false	true			true	derpy_gg_hall	true	0.0	0	true	4		true	0	0		0		-1	false
derpy_gg_hall_slavers_0_dwf	derpy_gg_hall_slavers_dwf	0	3	1500	0		false	false			true	derpy_gg_hall	true	0.0	0	true	2		true	0	0		0		-1	false
derpy_gg_hall_slavers_1_dwf	derpy_gg_hall_slavers_dwf	1	5	3000	0		false	true			true	derpy_gg_hall	true	0.0	0	true	3		true	0	0		0		-1	false
derpy_gg_hall_slavers_2_dwf	derpy_gg_hall_slavers_dwf	2	8	6000	0		false	true			true	derpy_gg_hall	true	0.0	0	true	4		true	0	0		0		-1	false
derpy_gg_hall_temple_0_dwf	derpy_gg_hall_temple_dwf	0	3	1500	0		false	false			true	derpy_gg_hall	true	0.0	0	true	2		true	0	0		0		-1	false
derpy_gg_hall_temple_1_dwf	derpy_gg_hall_temple_dwf	1	5	3000	0		false	true			true	derpy_gg_hall	true	0.0	0	true	3		true	0	0		0		-1	false
derpy_gg_hall_temple_2_dwf	derpy_gg_hall_temple_dwf	2	8	6000	0		false	true			true	derpy_gg_hall	true	0.0	0	true	4		true	0	0		0		-1	false
derpy_gg_hall_brass_0_brt	derpy_gg_hall_brass_brt	0	3	1500	0		false	false			true	derpy_gg_hall	false	0.0	0	true	2		true	0	0		0		-1	false
derpy_gg_hall_brass_1_brt	derpy_gg_hall_brass_brt	1	5	3000	0		false	true			true	derpy_gg_hall	false	0.0	0	true	3		true	0	0		0		-1	false
derpy_gg_hall_brass_2_brt	derpy_gg_hall_brass_brt	2	8	6000	0		false	true			true	derpy_gg_hall	false	0.0	0	true	4		true	0	0		0		-1	false
derpy_gg_hall_immortals_0_brt	derpy_gg_hall_immortals_brt	0	3	1500	0		false	false			true	derpy_gg_hall	false	0.0	0	true	2		true	0	0		0		-1	false
derpy_gg_hall_immortals_1_brt	derpy_gg_hall_immortals_brt	1	5	3000	0		false	true			true	derpy_gg_hall	false	0.0	0	true	3		true	0	0		0		-1	false
derpy_gg_hall_immortals_2_brt	derpy_gg_hall_immortals_brt	2	8	6000	0		false	true			true	derpy_gg_hall	false	0.0	0	true	4		true	0	0		0		-1	false
derpy_gg_hall_daemonsmiths_0_brt	derpy_gg_hall_daemonsmiths_brt	0	3	1500	0		false	false			true	derpy_gg_hall	false	0.0	0	true	2		true	0	0		0		-1	false
derpy_gg_hall_daemonsmiths_1_brt	derpy_gg_hall_daemonsmiths_brt	1	5	3000	0		false	true			true	derpy_gg_hall	false	0.0	0	true	3		true	0	0		0		-1	false
derpy_gg_hall_daemonsmiths_2_brt	derpy_gg_hall_daemonsmiths_brt	2	8	6000	0		false	true			true	derpy_gg_hall	false	0.0	0	true	4		true	0	0		0		-1	false
derpy_gg_hall_khanate_0_brt	derpy_gg_hall_khanate_brt	0	3	1500	0		false	false			true	derpy_gg_hall	false	0.0	0	true	2		true	0	0		0		-1	false
derpy_gg_hall_khanate_1_brt	derpy_gg_hall_khanate_brt	1	5	3000	0		false	true			true	derpy_gg_hall	false	0.0	0	true	3		true	0	0		0		-1	false
derpy_gg_hall_khanate_2_brt	derpy_gg_hall_khanate_brt	2	8	6000	0		false	true			true	derpy_gg_hall	false	0.0	0	true	4		true	0	0		0		-1	false
derpy_gg_hall_overseers_0_brt	derpy_gg_hall_overseers_brt	0	3	1500	0		false	false			true	derpy_gg_hall	false	0.0	0	true	2		true	0	0		0		-1	false
derpy_gg_hall_overseers_1_brt	derpy_gg_hall_overseers_brt	1	5	3000	0		false	true			true	derpy_gg_hall	false	0.0	0	true	3		true	0	0		0		-1	false
derpy_gg_hall_overseers_2_brt	derpy_gg_hall_overseers_brt	2	8	6000	0		false	true			true	derpy_gg_hall	false	0.0	0	true	4		true	0	0		0		-1	false
derpy_gg_hall_slavers_0_brt	derpy_gg_hall_slavers_brt	0	3	1500	0		false	false			true	derpy_gg_hall	false	0.0	0	true	2		true	0	0		0		-1	false
derpy_gg_hall_slavers_1_brt	derpy_gg_hall_slavers_brt	1	5	3000	0		false	true			true	derpy_gg_hall	false	0.0	0	true	3		true	0	0		0		-1	false
derpy_gg_hall_slavers_2_brt	derpy_gg_hall_slavers_brt	2	8	6000	0		false	true			true	derpy_gg_hall	false	0.0	0	true	4		true	0	0		0		-1	false
derpy_gg_hall_temple_0_brt	derpy_gg_hall_temple_brt	0	3	1500	0		false	false			true	derpy_gg_hall	false	0.0	0	true	2		true	0	0		0		-1	false
derpy_gg_hall_temple_1_brt	derpy_gg_hall_temple_brt	1	5	3000	0		false	true			true	derpy_gg_hall	false	0.0	0	true	3		true	0	0		0		-1	false
derpy_gg_hall_temple_2_brt	derpy_gg_hall_temple_brt	2	8	6000	0		false	true			true	derpy_gg_hall	false	0.0	0	true	4		true	0	0		0		-1	false
derpy_gg_hall_brass_0_cth	derpy_gg_hall_brass_cth	0	3	1500	0		false	false			true	derpy_gg_hall	false	0.0	0	true	2		true	0	0		0		-1	false
derpy_gg_hall_brass_1_cth	derpy_gg_hall_brass_cth	1	5	3000	0		false	true			true	derpy_gg_hall	false	0.0	0	true	3		true	0	0		0		-1	false
derpy_gg_hall_brass_2_cth	derpy_gg_hall_brass_cth	2	8	6000	0		false	true			true	derpy_gg_hall	false	0.0	0	true	4		true	0	0		0		-1	false
derpy_gg_hall_immortals_0_cth	derpy_gg_hall_immortals_cth	0	3	1500	0		false	false			true	derpy_gg_hall	false	0.0	0	true	2		true	0	0		0		-1	false
derpy_gg_hall_immortals_1_cth	derpy_gg_hall_immortals_cth	1	5	3000	0		false	true			true	derpy_gg_hall	false	0.0	0	true	3		true	0	0		0		-1	false
derpy_gg_hall_immortals_2_cth	derpy_gg_hall_immortals_cth	2	8	6000	0		false	true			true	derpy_gg_hall	false	0.0	0	true	4		true	0	0		0		-1	false
derpy_gg_hall_daemonsmiths_0_cth	derpy_gg_hall_daemonsmiths_cth	0	3	1500	0		false	false			true	derpy_gg_hall	false	0.0	0	true	2		true	0	0		0		-1	false
derpy_gg_hall_daemonsmiths_1_cth	derpy_gg_hall_daemonsmiths_cth	1	5	3000	0		false	true			true	derpy_gg_hall	false	0.0	0	true	3		true	0	0		0		-1	false
derpy_gg_hall_daemonsmiths_2_cth	derpy_gg_hall_daemonsmiths_cth	2	8	6000	0		false	true			true	derpy_gg_hall	false	0.0	0	true	4		true	0	0		0		-1	false
derpy_gg_hall_khanate_0_cth	derpy_gg_hall_khanate_cth	0	3	1500	0		false	false			true	derpy_gg_hall	false	0.0	0	true	2		true	0	0		0		-1	false
derpy_gg_hall_khanate_1_cth	derpy_gg_hall_khanate_cth	1	5	3000	0		false	true			true	derpy_gg_hall	false	0.0	0	true	3		true	0	0		0		-1	false
derpy_gg_hall_khanate_2_cth	derpy_gg_hall_khanate_cth	2	8	6000	0		false	true			true	derpy_gg_hall	false	0.0	0	true	4		true	0	0		0		-1	false
derpy_gg_hall_overseers_0_cth	derpy_gg_hall_overseers_cth	0	3	1500	0		false	false			true	derpy_gg_hall	false	0.0	0	true	2		true	0	0		0		-1	false
derpy_gg_hall_overseers_1_cth	derpy_gg_hall_overseers_cth	1	5	3000	0		false	true			true	derpy_gg_hall	false	0.0	0	true	3		true	0	0		0		-1	false
derpy_gg_hall_overseers_2_cth	derpy_gg_hall_overseers_cth	2	8	6000	0		false	true			true	derpy_gg_hall	false	0.0	0	true	4		true	0	0		0		-1	false
derpy_gg_hall_slavers_0_cth	derpy_gg_hall_slavers_cth	0	3	1500	0		false	false			true	derpy_gg_hall	false	0.0	0	true	2		true	0	0		0		-1	false
derpy_gg_hall_slavers_1_cth	derpy_gg_hall_slavers_cth	1	5	3000	0		false	true			true	derpy_gg_hall	false	0.0	0	true	3		true	0	0		0		-1	false
derpy_gg_hall_slavers_2_cth	derpy_gg_hall_slavers_cth	2	8	6000	0		false	true			true	derpy_gg_hall	false	0.0	0	true	4		true	0	0		0		-1	false
derpy_gg_hall_temple_0_cth	derpy_gg_hall_temple_cth	0	3	1500	0		false	false			true	derpy_gg_hall	false	0.0	0	true	2		true	0	0		0		-1	false
derpy_gg_hall_temple_1_cth	derpy_gg_hall_temple_cth	1	5	3000	0		false	true			true	derpy_gg_hall	false	0.0	0	true	3		true	0	0		0		-1	false
derpy_gg_hall_temple_2_cth	derpy_gg_hall_temple_cth	2	8	6000	0		false	true			true	derpy_gg_hall	false	0.0	0	true	4		true	0	0		0		-1	false
derpy_gg_hall_brass_0_ksl	derpy_gg_hall_brass_ksl	0	3	1500	0		false	false			true	derpy_gg_hall	false	0.0	0	true	2		true	0	0		0		-1	false
derpy_gg_hall_brass_1_ksl	derpy_gg_hall_brass_ksl	1	5	3000	0		false	true			true	derpy_gg_hall	false	0.0	0	true	3		true	0	0		0		-1	false
derpy_gg_hall_brass_2_ksl	derpy_gg_hall_brass_ksl	2	8	6000	0		false	true			true	derpy_gg_hall	false	0.0	0	true	4		true	0	0		0		-1	false
derpy_gg_hall_immortals_0_ksl	derpy_gg_hall_immortals_ksl	0	3	1500	0		false	false			true	derpy_gg_hall	false	0.0	0	true	2		true	0	0		0		-1	false
derpy_gg_hall_immortals_1_ksl	derpy_gg_hall_immortals_ksl	1	5	3000	0		false	true			true	derpy_gg_hall	false	0.0	0	true	3		true	0	0		0		-1	false
derpy_gg_hall_immortals_2_ksl	derpy_gg_hall_immortals_ksl	2	8	6000	0		false	true			true	derpy_gg_hall	false	0.0	0	true	4		true	0	0		0		-1	false
derpy_gg_hall_daemonsmiths_0_ksl	derpy_gg_hall_daemonsmiths_ksl	0	3	1500	0		false	false			true	derpy_gg_hall	false	0.0	0	true	2		true	0	0		0		-1	false
derpy_gg_hall_daemonsmiths_1_ksl	derpy_gg_hall_daemonsmiths_ksl	1	5	3000	0		false	true			true	derpy_gg_hall	false	0.0	0	true	3		true	0	0		0		-1	false
derpy_gg_hall_daemonsmiths_2_ksl	derpy_gg_hall_daemonsmiths_ksl	2	8	6000	0		false	true			true	derpy_gg_hall	false	0.0	0	true	4		true	0	0		0		-1	false
derpy_gg_hall_khanate_0_ksl	derpy_gg_hall_khanate_ksl	0	3	1500	0		false	false			true	derpy_gg_hall	false	0.0	0	true	2		true	0	0		0		-1	false
derpy_gg_hall_khanate_1_ksl	derpy_gg_hall_khanate_ksl	1	5	3000	0		false	true			true	derpy_gg_hall	false	0.0	0	true	3		true	0	0		0		-1	false
derpy_gg_hall_khanate_2_ksl	derpy_gg_hall_khanate_ksl	2	8	6000	0		false	true			true	derpy_gg_hall	false	0.0	0	true	4		true	0	0		0		-1	false
derpy_gg_hall_overseers_0_ksl	derpy_gg_hall_overseers_ksl	0	3	1500	0		false	false			true	derpy_gg_hall	false	0.0	0	true	2		true	0	0		0		-1	false
derpy_gg_hall_overseers_1_ksl	derpy_gg_hall_overseers_ksl	1	5	3000	0		false	true			true	derpy_gg_hall	false	0.0	0	true	3		true	0	0		0		-1	false
derpy_gg_hall_overseers_2_ksl	derpy_gg_hall_overseers_ksl	2	8	6000	0		false	true			true	derpy_gg_hall	false	0.0	0	true	4		true	0	0		0		-1	false
derpy_gg_hall_slavers_0_ksl	derpy_gg_hall_slavers_ksl	0	3	1500	0		false	false			true	derpy_gg_hall	false	0.0	0	true	2		true	0	0		0		-1	false
derpy_gg_hall_slavers_1_ksl	derpy_gg_hall_slavers_ksl	1	5	3000	0		false	true			true	derpy_gg_hall	false	0.0	0	true	3		true	0	0		0		-1	false
derpy_gg_hall_slavers_2_ksl	derpy_gg_hall_slavers_ksl	2	8	6000	0		false	true			true	derpy_gg_hall	false	0.0	0	true	4		true	0	0		0		-1	false
derpy_gg_hall_temple_0_ksl	derpy_gg_hall_temple_ksl	0	3	1500	0		false	false			true	derpy_gg_hall	false	0.0	0	true	2		true	0	0		0		-1	false
derpy_gg_hall_temple_1_ksl	derpy_gg_hall_temple_ksl	1	5	3000	0		false	true			true	derpy_gg_hall	false	0.0	0	true	3		true	0	0		0		-1	false
derpy_gg_hall_temple_2_ksl	derpy_gg_hall_temple_ksl	2	8	6000	0		false	true			true	derpy_gg_hall	false	0.0	0	true	4		true	0	0		0		-1	false
derpy_gg_hall_brass_0_def	derpy_gg_hall_brass_def	0	3	1500	0		false	false			true	derpy_gg_hall	false	0.0	0	true	2		true	0	0		0		-1	false
derpy_gg_hall_brass_1_def	derpy_gg_hall_brass_def	1	5	3000	0		false	true			true	derpy_gg_hall	false	0.0	0	true	3		true	0	0		0		-1	false
derpy_gg_hall_brass_2_def	derpy_gg_hall_brass_def	2	8	6000	0		false	true			true	derpy_gg_hall	false	0.0	0	true	4		true	0	0		0		-1	false
derpy_gg_hall_immortals_0_def	derpy_gg_hall_immortals_def	0	3	1500	0		false	false			true	derpy_gg_hall	false	0.0	0	true	2		true	0	0		0		-1	false
derpy_gg_hall_immortals_1_def	derpy_gg_hall_immortals_def	1	5	3000	0		false	true			true	derpy_gg_hall	false	0.0	0	true	3		true	0	0		0		-1	false
derpy_gg_hall_immortals_2_def	derpy_gg_hall_immortals_def	2	8	6000	0		false	true			true	derpy_gg_hall	false	0.0	0	true	4		true	0	0		0		-1	false
derpy_gg_hall_daemonsmiths_0_def	derpy_gg_hall_daemonsmiths_def	0	3	1500	0		false	false			true	derpy_gg_hall	false	0.0	0	true	2		true	0	0		0		-1	false
derpy_gg_hall_daemonsmiths_1_def	derpy_gg_hall_daemonsmiths_def	1	5	3000	0		false	true			true	derpy_gg_hall	false	0.0	0	true	3		true	0	0		0		-1	false
derpy_gg_hall_daemonsmiths_2_def	derpy_gg_hall_daemonsmiths_def	2	8	6000	0		false	true			true	derpy_gg_hall	false	0.0	0	true	4		true	0	0		0		-1	false
derpy_gg_hall_khanate_0_def	derpy_gg_hall_khanate_def	0	3	1500	0		false	false			true	derpy_gg_hall	false	0.0	0	true	2		true	0	0		0		-1	false
derpy_gg_hall_khanate_1_def	derpy_gg_hall_khanate_def	1	5	3000	0		false	true			true	derpy_gg_hall	false	0.0	0	true	3		true	0	0		0		-1	false
derpy_gg_hall_khanate_2_def	derpy_gg_hall_khanate_def	2	8	6000	0		false	true			true	derpy_gg_hall	false	0.0	0	true	4		true	0	0		0		-1	false
derpy_gg_hall_overseers_0_def	derpy_gg_hall_overseers_def	0	3	1500	0		false	false			true	derpy_gg_hall	false	0.0	0	true	2		true	0	0		0		-1	false
derpy_gg_hall_overseers_1_def	derpy_gg_hall_overseers_def	1	5	3000	0		false	true			true	derpy_gg_hall	false	0.0	0	true	3		true	0	0		0		-1	false
derpy_gg_hall_overseers_2_def	derpy_gg_hall_overseers_def	2	8	6000	0		false	true			true	derpy_gg_hall	false	0.0	0	true	4		true	0	0		0		-1	false
derpy_gg_hall_slavers_0_def	derpy_gg_hall_slavers_def	0	3	1500	0		false	false			true	derpy_gg_hall	false	0.0	0	true	2		true	0	0		0		-1	false
derpy_gg_hall_slavers_1_def	derpy_gg_hall_slavers_def	1	5	3000	0		false	true			true	derpy_gg_hall	false	0.0	0	true	3		true	0	0		0		-1	false
derpy_gg_hall_slavers_2_def	derpy_gg_hall_slavers_def	2	8	6000	0		false	true			true	derpy_gg_hall	false	0.0	0	true	4		true	0	0		0		-1	false
derpy_gg_hall_temple_0_def	derpy_gg_hall_temple_def	0	3	1500	0		false	false			true	derpy_gg_hall	false	0.0	0	true	2		true	0	0		0		-1	false
derpy_gg_hall_temple_1_def	derpy_gg_hall_temple_def	1	5	3000	0		false	true			true	derpy_gg_hall	false	0.0	0	true	3		true	0	0		0		-1	false
derpy_gg_hall_temple_2_def	derpy_gg_hall_temple_def	2	8	6000	0		false	true			true	derpy_gg_hall	false	0.0	0	true	4		true	0	0		0		-1	false
derpy_gg_hall_brass_0_hef	derpy_gg_hall_brass_hef	0	3	1500	0		false	false			true	derpy_gg_hall	false	0.0	0	true	2		true	0	0		0		-1	false
derpy_gg_hall_brass_1_hef	derpy_gg_hall_brass_hef	1	5	3000	0		false	true			true	derpy_gg_hall	false	0.0	0	true	3		true	0	0		0		-1	false
derpy_gg_hall_brass_2_hef	derpy_gg_hall_brass_hef	2	8	6000	0		false	true			true	derpy_gg_hall	false	0.0	0	true	4		true	0	0		0		-1	false
derpy_gg_hall_immortals_0_hef	derpy_gg_hall_immortals_hef	0	3	1500	0		false	false			true	derpy_gg_hall	false	0.0	0	true	2		true	0	0		0		-1	false
derpy_gg_hall_immortals_1_hef	derpy_gg_hall_immortals_hef	1	5	3000	0		false	true			true	derpy_gg_hall	false	0.0	0	true	3		true	0	0		0		-1	false
derpy_gg_hall_immortals_2_hef	derpy_gg_hall_immortals_hef	2	8	6000	0		false	true			true	derpy_gg_hall	false	0.0	0	true	4		true	0	0		0		-1	false
derpy_gg_hall_daemonsmiths_0_hef	derpy_gg_hall_daemonsmiths_hef	0	3	1500	0		false	false			true	derpy_gg_hall	false	0.0	0	true	2		true	0	0		0		-1	false
derpy_gg_hall_daemonsmiths_1_hef	derpy_gg_hall_daemonsmiths_hef	1	5	3000	0		false	true			true	derpy_gg_hall	false	0.0	0	true	3		true	0	0		0		-1	false
derpy_gg_hall_daemonsmiths_2_hef	derpy_gg_hall_daemonsmiths_hef	2	8	6000	0		false	true			true	derpy_gg_hall	false	0.0	0	true	4		true	0	0		0		-1	false
derpy_gg_hall_khanate_0_hef	derpy_gg_hall_khanate_hef	0	3	1500	0		false	false			true	derpy_gg_hall	false	0.0	0	true	2		true	0	0		0		-1	false
derpy_gg_hall_khanate_1_hef	derpy_gg_hall_khanate_hef	1	5	3000	0		false	true			true	derpy_gg_hall	false	0.0	0	true	3		true	0	0		0		-1	false
derpy_gg_hall_khanate_2_hef	derpy_gg_hall_khanate_hef	2	8	6000	0		false	true			true	derpy_gg_hall	false	0.0	0	true	4		true	0	0		0		-1	false
derpy_gg_hall_overseers_0_hef	derpy_gg_hall_overseers_hef	0	3	1500	0		false	false			true	derpy_gg_hall	false	0.0	0	true	2		true	0	0		0		-1	false
derpy_gg_hall_overseers_1_hef	derpy_gg_hall_overseers_hef	1	5	3000	0		false	true			true	derpy_gg_hall	false	0.0	0	true	3		true	0	0		0		-1	false
derpy_gg_hall_overseers_2_hef	derpy_gg_hall_overseers_hef	2	8	6000	0		false	true			true	derpy_gg_hall	false	0.0	0	true	4		true	0	0		0		-1	false
derpy_gg_hall_slavers_0_hef	derpy_gg_hall_slavers_hef	0	3	1500	0		false	false			true	derpy_gg_hall	false	0.0	0	true	2		true	0	0		0		-1	false
derpy_gg_hall_slavers_1_hef	derpy_gg_hall_slavers_hef	1	5	3000	0		false	true			true	derpy_gg_hall	false	0.0	0	true	3		true	0	0		0		-1	false
derpy_gg_hall_slavers_2_hef	derpy_gg_hall_slavers_hef	2	8	6000	0		false	true			true	derpy_gg_hall	false	0.0	0	true	4		true	0	0		0		-1	false
derpy_gg_hall_temple_0_hef	derpy_gg_hall_temple_hef	0	3	1500	0		false	false			true	derpy_gg_hall	false	0.0	0	true	2		true	0	0		0		-1	false
derpy_gg_hall_temple_1_hef	derpy_gg_hall_temple_hef	1	5	3000	0		false	true			true	derpy_gg_hall	false	0.0	0	true	3		true	0	0		0		-1	false
derpy_gg_hall_temple_2_hef	derpy_gg_hall_temple_hef	2	8	6000	0		false	true			true	derpy_gg_hall	false	0.0	0	true	4		true	0	0		0		-1	false
derpy_gg_hall_brass_0_skv	derpy_gg_hall_brass_skv	0	3	1500	0		false	false			true	derpy_gg_hall	false	0.0	0	true	2		true	0	0		0		-1	false
derpy_gg_hall_brass_1_skv	derpy_gg_hall_brass_skv	1	5	3000	0		false	true			true	derpy_gg_hall	false	0.0	0	true	3		true	0	0		0		-1	false
derpy_gg_hall_brass_2_skv	derpy_gg_hall_brass_skv	2	8	6000	0		false	true			true	derpy_gg_hall	false	0.0	0	true	4		true	0	0		0		-1	false
derpy_gg_hall_immortals_0_skv	derpy_gg_hall_immortals_skv	0	3	1500	0		false	false			true	derpy_gg_hall	false	0.0	0	true	2		true	0	0		0		-1	false
derpy_gg_hall_immortals_1_skv	derpy_gg_hall_immortals_skv	1	5	3000	0		false	true			true	derpy_gg_hall	false	0.0	0	true	3		true	0	0		0		-1	false
derpy_gg_hall_immortals_2_skv	derpy_gg_hall_immortals_skv	2	8	6000	0		false	true			true	derpy_gg_hall	false	0.0	0	true	4		true	0	0		0		-1	false
derpy_gg_hall_daemonsmiths_0_skv	derpy_gg_hall_daemonsmiths_skv	0	3	1500	0		false	false			true	derpy_gg_hall	false	0.0	0	true	2		true	0	0		0		-1	false
derpy_gg_hall_daemonsmiths_1_skv	derpy_gg_hall_daemonsmiths_skv	1	5	3000	0		false	true			true	derpy_gg_hall	false	0.0	0	true	3		true	0	0		0		-1	false
derpy_gg_hall_daemonsmiths_2_skv	derpy_gg_hall_daemonsmiths_skv	2	8	6000	0		false	true			true	derpy_gg_hall	false	0.0	0	true	4		true	0	0		0		-1	false
derpy_gg_hall_khanate_0_skv	derpy_gg_hall_khanate_skv	0	3	1500	0		false	false			true	derpy_gg_hall	false	0.0	0	true	2		true	0	0		0		-1	false
derpy_gg_hall_khanate_1_skv	derpy_gg_hall_khanate_skv	1	5	3000	0		false	true			true	derpy_gg_hall	false	0.0	0	true	3		true	0	0		0		-1	false
derpy_gg_hall_khanate_2_skv	derpy_gg_hall_khanate_skv	2	8	6000	0		false	true			true	derpy_gg_hall	false	0.0	0	true	4		true	0	0		0		-1	false
derpy_gg_hall_overseers_0_skv	derpy_gg_hall_overseers_skv	0	3	1500	0		false	false			true	derpy_gg_hall	false	0.0	0	true	2		true	0	0		0		-1	false
derpy_gg_hall_overseers_1_skv	derpy_gg_hall_overseers_skv	1	5	3000	0		false	true			true	derpy_gg_hall	false	0.0	0	true	3		true	0	0		0		-1	false
derpy_gg_hall_overseers_2_skv	derpy_gg_hall_overseers_skv	2	8	6000	0		false	true			true	derpy_gg_hall	false	0.0	0	true	4		true	0	0		0		-1	false
derpy_gg_hall_slavers_0_skv	derpy_gg_hall_slavers_skv	0	3	1500	0		false	false			true	derpy_gg_hall	false	0.0	0	true	2		true	0	0		0		-1	false
derpy_gg_hall_slavers_1_skv	derpy_gg_hall_slavers_skv	1	5	3000	0		false	true			true	derpy_gg_hall	false	0.0	0	true	3		true	0	0		0		-1	false
derpy_gg_hall_slavers_2_skv	derpy_gg_hall_slavers_skv	2	8	6000	0		false	true			true	derpy_gg_hall	false	0.0	0	true	4		true	0	0		0		-1	false
derpy_gg_hall_temple_0_skv	derpy_gg_hall_temple_skv	0	3	1500	0		false	false			true	derpy_gg_hall	false	0.0	0	true	2		true	0	0		0		-1	false
derpy_gg_hall_temple_1_skv	derpy_gg_hall_temple_skv	1	5	3000	0		false	true			true	derpy_gg_hall	false	0.0	0	true	3		true	0	0		0		-1	false
derpy_gg_hall_temple_2_skv	derpy_gg_hall_temple_skv	2	8	6000	0		false	true			true	derpy_gg_hall	false	0.0	0	true	4		true	0	0		0		-1	false
