from	to
#building_upgrades_junction_tables;0;db/building_upgrades_junction_tables/derpy_great_guilds	
derpy_gg_hall_brass_0	derpy_gg_hall_brass_1
derpy_gg_hall_brass_1	derpy_gg_hall_brass_2
derpy_gg_hall_immortals_0	derpy_gg_hall_immortals_1
derpy_gg_hall_immortals_1	derpy_gg_hall_immortals_2
derpy_gg_hall_daemonsmiths_0	derpy_gg_hall_daemonsmiths_1
derpy_gg_hall_daemonsmiths_1	derpy_gg_hall_daemonsmiths_2
derpy_gg_hall_khanate_0	derpy_gg_hall_khanate_1
derpy_gg_hall_khanate_1	derpy_gg_hall_khanate_2
derpy_gg_hall_overseers_0	derpy_gg_hall_overseers_1
derpy_gg_hall_overseers_1	derpy_gg_hall_overseers_2
derpy_gg_hall_slavers_0	derpy_gg_hall_slavers_1
derpy_gg_hall_slavers_1	derpy_gg_hall_slavers_2
derpy_gg_hall_temple_0	derpy_gg_hall_temple_1
derpy_gg_hall_temple_1	derpy_gg_hall_temple_2
derpy_gg_hall_brass_0_emp	derpy_gg_hall_brass_1_emp
derpy_gg_hall_brass_1_emp	derpy_gg_hall_brass_2_emp
derpy_gg_hall_immortals_0_emp	derpy_gg_hall_immortals_1_emp
derpy_gg_hall_immortals_1_emp	derpy_gg_hall_immortals_2_emp
derpy_gg_hall_daemonsmiths_0_emp	derpy_gg_hall_daemonsmiths_1_emp
derpy_gg_hall_daemonsmiths_1_emp	derpy_gg_hall_daemonsmiths_2_emp
derpy_gg_hall_khanate_0_emp	derpy_gg_hall_khanate_1_emp
derpy_gg_hall_khanate_1_emp	derpy_gg_hall_khanate_2_emp
derpy_gg_hall_overseers_0_emp	derpy_gg_hall_overseers_1_emp
derpy_gg_hall_overseers_1_emp	derpy_gg_hall_overseers_2_emp
derpy_gg_hall_slavers_0_emp	derpy_gg_hall_slavers_1_emp
derpy_gg_hall_slavers_1_emp	derpy_gg_hall_slavers_2_emp
derpy_gg_hall_temple_0_emp	derpy_gg_hall_temple_1_emp
derpy_gg_hall_temple_1_emp	derpy_gg_hall_temple_2_emp
derpy_gg_hall_brass_0_dwf	derpy_gg_hall_brass_1_dwf
derpy_gg_hall_brass_1_dwf	derpy_gg_hall_brass_2_dwf
derpy_gg_hall_immortals_0_dwf	derpy_gg_hall_immortals_1_dwf
derpy_gg_hall_immortals_1_dwf	derpy_gg_hall_immortals_2_dwf
derpy_gg_hall_daemonsmiths_0_dwf	derpy_gg_hall_daemonsmiths_1_dwf
derpy_gg_hall_daemonsmiths_1_dwf	derpy_gg_hall_daemonsmiths_2_dwf
derpy_gg_hall_khanate_0_dwf	derpy_gg_hall_khanate_1_dwf
derpy_gg_hall_khanate_1_dwf	derpy_gg_hall_khanate_2_dwf
derpy_gg_hall_overseers_0_dwf	derpy_gg_hall_overseers_1_dwf
derpy_gg_hall_overseers_1_dwf	derpy_gg_hall_overseers_2_dwf
derpy_gg_hall_slavers_0_dwf	derpy_gg_hall_slavers_1_dwf
derpy_gg_hall_slavers_1_dwf	derpy_gg_hall_slavers_2_dwf
derpy_gg_hall_temple_0_dwf	derpy_gg_hall_temple_1_dwf
derpy_gg_hall_temple_1_dwf	derpy_gg_hall_temple_2_dwf
derpy_gg_hall_brass_0_brt	derpy_gg_hall_brass_1_brt
derpy_gg_hall_brass_1_brt	derpy_gg_hall_brass_2_brt
derpy_gg_hall_immortals_0_brt	derpy_gg_hall_immortals_1_brt
derpy_gg_hall_immortals_1_brt	derpy_gg_hall_immortals_2_brt
derpy_gg_hall_daemonsmiths_0_brt	derpy_gg_hall_daemonsmiths_1_brt
derpy_gg_hall_daemonsmiths_1_brt	derpy_gg_hall_daemonsmiths_2_brt
derpy_gg_hall_khanate_0_brt	derpy_gg_hall_khanate_1_brt
derpy_gg_hall_khanate_1_brt	derpy_gg_hall_khanate_2_brt
derpy_gg_hall_overseers_0_brt	derpy_gg_hall_overseers_1_brt
derpy_gg_hall_overseers_1_brt	derpy_gg_hall_overseers_2_brt
derpy_gg_hall_slavers_0_brt	derpy_gg_hall_slavers_1_brt
derpy_gg_hall_slavers_1_brt	derpy_gg_hall_slavers_2_brt
derpy_gg_hall_temple_0_brt	derpy_gg_hall_temple_1_brt
derpy_gg_hall_temple_1_brt	derpy_gg_hall_temple_2_brt
derpy_gg_hall_brass_0_cth	derpy_gg_hall_brass_1_cth
derpy_gg_hall_brass_1_cth	derpy_gg_hall_brass_2_cth
derpy_gg_hall_immortals_0_cth	derpy_gg_hall_immortals_1_cth
derpy_gg_hall_immortals_1_cth	derpy_gg_hall_immortals_2_cth
derpy_gg_hall_daemonsmiths_0_cth	derpy_gg_hall_daemonsmiths_1_cth
derpy_gg_hall_daemonsmiths_1_cth	derpy_gg_hall_daemonsmiths_2_cth
derpy_gg_hall_khanate_0_cth	derpy_gg_hall_khanate_1_cth
derpy_gg_hall_khanate_1_cth	derpy_gg_hall_khanate_2_cth
derpy_gg_hall_overseers_0_cth	derpy_gg_hall_overseers_1_cth
derpy_gg_hall_overseers_1_cth	derpy_gg_hall_overseers_2_cth
derpy_gg_hall_slavers_0_cth	derpy_gg_hall_slavers_1_cth
derpy_gg_hall_slavers_1_cth	derpy_gg_hall_slavers_2_cth
derpy_gg_hall_temple_0_cth	derpy_gg_hall_temple_1_cth
derpy_gg_hall_temple_1_cth	derpy_gg_hall_temple_2_cth
derpy_gg_hall_brass_0_ksl	derpy_gg_hall_brass_1_ksl
derpy_gg_hall_brass_1_ksl	derpy_gg_hall_brass_2_ksl
derpy_gg_hall_immortals_0_ksl	derpy_gg_hall_immortals_1_ksl
derpy_gg_hall_immortals_1_ksl	derpy_gg_hall_immortals_2_ksl
derpy_gg_hall_daemonsmiths_0_ksl	derpy_gg_hall_daemonsmiths_1_ksl
derpy_gg_hall_daemonsmiths_1_ksl	derpy_gg_hall_daemonsmiths_2_ksl
derpy_gg_hall_khanate_0_ksl	derpy_gg_hall_khanate_1_ksl
derpy_gg_hall_khanate_1_ksl	derpy_gg_hall_khanate_2_ksl
derpy_gg_hall_overseers_0_ksl	derpy_gg_hall_overseers_1_ksl
derpy_gg_hall_overseers_1_ksl	derpy_gg_hall_overseers_2_ksl
derpy_gg_hall_slavers_0_ksl	derpy_gg_hall_slavers_1_ksl
derpy_gg_hall_slavers_1_ksl	derpy_gg_hall_slavers_2_ksl
derpy_gg_hall_temple_0_ksl	derpy_gg_hall_temple_1_ksl
derpy_gg_hall_temple_1_ksl	derpy_gg_hall_temple_2_ksl
derpy_gg_hall_brass_0_def	derpy_gg_hall_brass_1_def
derpy_gg_hall_brass_1_def	derpy_gg_hall_brass_2_def
derpy_gg_hall_immortals_0_def	derpy_gg_hall_immortals_1_def
derpy_gg_hall_immortals_1_def	derpy_gg_hall_immortals_2_def
derpy_gg_hall_daemonsmiths_0_def	derpy_gg_hall_daemonsmiths_1_def
derpy_gg_hall_daemonsmiths_1_def	derpy_gg_hall_daemonsmiths_2_def
derpy_gg_hall_khanate_0_def	derpy_gg_hall_khanate_1_def
derpy_gg_hall_khanate_1_def	derpy_gg_hall_khanate_2_def
derpy_gg_hall_overseers_0_def	derpy_gg_hall_overseers_1_def
derpy_gg_hall_overseers_1_def	derpy_gg_hall_overseers_2_def
derpy_gg_hall_slavers_0_def	derpy_gg_hall_slavers_1_def
derpy_gg_hall_slavers_1_def	derpy_gg_hall_slavers_2_def
derpy_gg_hall_temple_0_def	derpy_gg_hall_temple_1_def
derpy_gg_hall_temple_1_def	derpy_gg_hall_temple_2_def
derpy_gg_hall_brass_0_hef	derpy_gg_hall_brass_1_hef
derpy_gg_hall_brass_1_hef	derpy_gg_hall_brass_2_hef
derpy_gg_hall_immortals_0_hef	derpy_gg_hall_immortals_1_hef
derpy_gg_hall_immortals_1_hef	derpy_gg_hall_immortals_2_hef
derpy_gg_hall_daemonsmiths_0_hef	derpy_gg_hall_daemonsmiths_1_hef
derpy_gg_hall_daemonsmiths_1_hef	derpy_gg_hall_daemonsmiths_2_hef
derpy_gg_hall_khanate_0_hef	derpy_gg_hall_khanate_1_hef
derpy_gg_hall_khanate_1_hef	derpy_gg_hall_khanate_2_hef
derpy_gg_hall_overseers_0_hef	derpy_gg_hall_overseers_1_hef
derpy_gg_hall_overseers_1_hef	derpy_gg_hall_overseers_2_hef
derpy_gg_hall_slavers_0_hef	derpy_gg_hall_slavers_1_hef
derpy_gg_hall_slavers_1_hef	derpy_gg_hall_slavers_2_hef
derpy_gg_hall_temple_0_hef	derpy_gg_hall_temple_1_hef
derpy_gg_hall_temple_1_hef	derpy_gg_hall_temple_2_hef
derpy_gg_hall_brass_0_skv	derpy_gg_hall_brass_1_skv
derpy_gg_hall_brass_1_skv	derpy_gg_hall_brass_2_skv
derpy_gg_hall_immortals_0_skv	derpy_gg_hall_immortals_1_skv
derpy_gg_hall_immortals_1_skv	derpy_gg_hall_immortals_2_skv
derpy_gg_hall_daemonsmiths_0_skv	derpy_gg_hall_daemonsmiths_1_skv
derpy_gg_hall_daemonsmiths_1_skv	derpy_gg_hall_daemonsmiths_2_skv
derpy_gg_hall_khanate_0_skv	derpy_gg_hall_khanate_1_skv
derpy_gg_hall_khanate_1_skv	derpy_gg_hall_khanate_2_skv
derpy_gg_hall_overseers_0_skv	derpy_gg_hall_overseers_1_skv
derpy_gg_hall_overseers_1_skv	derpy_gg_hall_overseers_2_skv
derpy_gg_hall_slavers_0_skv	derpy_gg_hall_slavers_1_skv
derpy_gg_hall_slavers_1_skv	derpy_gg_hall_slavers_2_skv
derpy_gg_hall_temple_0_skv	derpy_gg_hall_temple_1_skv
derpy_gg_hall_temple_1_skv	derpy_gg_hall_temple_2_skv
