building_chain	id
#building_chain_availability_sets_tables;0;db/building_chain_availability_sets_tables/derpy_great_guilds	
derpy_gg_hall_brass	wh3_dl23_bas_chd
derpy_gg_hall_immortals	wh3_dl23_bas_chd
derpy_gg_hall_daemonsmiths	wh3_dl23_bas_chd
derpy_gg_hall_khanate	wh3_dl23_bas_chd
derpy_gg_hall_overseers	wh3_dl23_bas_chd
derpy_gg_hall_slavers	wh3_dl23_bas_chd
derpy_gg_hall_temple	wh3_dl23_bas_chd
derpy_gg_hall_brass_emp	wh_main_bas_emp
derpy_gg_hall_immortals_emp	wh_main_bas_emp
derpy_gg_hall_daemonsmiths_emp	wh_main_bas_emp
derpy_gg_hall_khanate_emp	wh_main_bas_emp
derpy_gg_hall_overseers_emp	wh_main_bas_emp
derpy_gg_hall_slavers_emp	wh_main_bas_emp
derpy_gg_hall_temple_emp	wh_main_bas_emp
derpy_gg_hall_brass_dwf	wh_main_bas_dwf
derpy_gg_hall_immortals_dwf	wh_main_bas_dwf
derpy_gg_hall_daemonsmiths_dwf	wh_main_bas_dwf
derpy_gg_hall_khanate_dwf	wh_main_bas_dwf
derpy_gg_hall_overseers_dwf	wh_main_bas_dwf
derpy_gg_hall_slavers_dwf	wh_main_bas_dwf
derpy_gg_hall_temple_dwf	wh_main_bas_dwf
derpy_gg_hall_brass_brt	wh_main_bas_brt
derpy_gg_hall_immortals_brt	wh_main_bas_brt
derpy_gg_hall_daemonsmiths_brt	wh_main_bas_brt
derpy_gg_hall_khanate_brt	wh_main_bas_brt
derpy_gg_hall_overseers_brt	wh_main_bas_brt
derpy_gg_hall_slavers_brt	wh_main_bas_brt
derpy_gg_hall_temple_brt	wh_main_bas_brt
derpy_gg_hall_brass_cth	wh3_main_bas_cth
derpy_gg_hall_brass_cth	wh3_cp1_bas_cth_bhashiva
derpy_gg_hall_immortals_cth	wh3_main_bas_cth
derpy_gg_hall_immortals_cth	wh3_cp1_bas_cth_bhashiva
derpy_gg_hall_daemonsmiths_cth	wh3_main_bas_cth
derpy_gg_hall_daemonsmiths_cth	wh3_cp1_bas_cth_bhashiva
derpy_gg_hall_khanate_cth	wh3_main_bas_cth
derpy_gg_hall_khanate_cth	wh3_cp1_bas_cth_bhashiva
derpy_gg_hall_overseers_cth	wh3_main_bas_cth
derpy_gg_hall_overseers_cth	wh3_cp1_bas_cth_bhashiva
derpy_gg_hall_slavers_cth	wh3_main_bas_cth
derpy_gg_hall_slavers_cth	wh3_cp1_bas_cth_bhashiva
derpy_gg_hall_temple_cth	wh3_main_bas_cth
derpy_gg_hall_temple_cth	wh3_cp1_bas_cth_bhashiva
derpy_gg_hall_brass_ksl	wh3_main_bas_ksl
derpy_gg_hall_immortals_ksl	wh3_main_bas_ksl
derpy_gg_hall_daemonsmiths_ksl	wh3_main_bas_ksl
derpy_gg_hall_khanate_ksl	wh3_main_bas_ksl
derpy_gg_hall_overseers_ksl	wh3_main_bas_ksl
derpy_gg_hall_slavers_ksl	wh3_main_bas_ksl
derpy_gg_hall_temple_ksl	wh3_main_bas_ksl
derpy_gg_hall_brass_def	wh2_main_bas_def
derpy_gg_hall_brass_def	wh3_main_def_lokhir
derpy_gg_hall_immortals_def	wh2_main_bas_def
derpy_gg_hall_immortals_def	wh3_main_def_lokhir
derpy_gg_hall_daemonsmiths_def	wh2_main_bas_def
derpy_gg_hall_daemonsmiths_def	wh3_main_def_lokhir
derpy_gg_hall_khanate_def	wh2_main_bas_def
derpy_gg_hall_khanate_def	wh3_main_def_lokhir
derpy_gg_hall_overseers_def	wh2_main_bas_def
derpy_gg_hall_overseers_def	wh3_main_def_lokhir
derpy_gg_hall_slavers_def	wh2_main_bas_def
derpy_gg_hall_slavers_def	wh3_main_def_lokhir
derpy_gg_hall_temple_def	wh2_main_bas_def
derpy_gg_hall_temple_def	wh3_main_def_lokhir
derpy_gg_hall_brass_hef	wh2_main_bas_hef
derpy_gg_hall_brass_hef	wh3_dlc27_bas_aislinn
derpy_gg_hall_immortals_hef	wh2_main_bas_hef
derpy_gg_hall_immortals_hef	wh3_dlc27_bas_aislinn
derpy_gg_hall_daemonsmiths_hef	wh2_main_bas_hef
derpy_gg_hall_daemonsmiths_hef	wh3_dlc27_bas_aislinn
derpy_gg_hall_khanate_hef	wh2_main_bas_hef
derpy_gg_hall_khanate_hef	wh3_dlc27_bas_aislinn
derpy_gg_hall_overseers_hef	wh2_main_bas_hef
derpy_gg_hall_overseers_hef	wh3_dlc27_bas_aislinn
derpy_gg_hall_slavers_hef	wh2_main_bas_hef
derpy_gg_hall_slavers_hef	wh3_dlc27_bas_aislinn
derpy_gg_hall_temple_hef	wh2_main_bas_hef
derpy_gg_hall_temple_hef	wh3_dlc27_bas_aislinn
derpy_gg_hall_brass_skv	wh2_main_bas_skv
derpy_gg_hall_brass_skv	wh3_dlc29_skv_thanquol
derpy_gg_hall_brass_skv	wh3_main_skv_endgame
derpy_gg_hall_immortals_skv	wh2_main_bas_skv
derpy_gg_hall_immortals_skv	wh3_dlc29_skv_thanquol
derpy_gg_hall_immortals_skv	wh3_main_skv_endgame
derpy_gg_hall_daemonsmiths_skv	wh2_main_bas_skv
derpy_gg_hall_daemonsmiths_skv	wh3_dlc29_skv_thanquol
derpy_gg_hall_daemonsmiths_skv	wh3_main_skv_endgame
derpy_gg_hall_khanate_skv	wh2_main_bas_skv
derpy_gg_hall_khanate_skv	wh3_dlc29_skv_thanquol
derpy_gg_hall_khanate_skv	wh3_main_skv_endgame
derpy_gg_hall_overseers_skv	wh2_main_bas_skv
derpy_gg_hall_overseers_skv	wh3_dlc29_skv_thanquol
derpy_gg_hall_overseers_skv	wh3_main_skv_endgame
derpy_gg_hall_slavers_skv	wh2_main_bas_skv
derpy_gg_hall_slavers_skv	wh3_dlc29_skv_thanquol
derpy_gg_hall_slavers_skv	wh3_main_skv_endgame
derpy_gg_hall_temple_skv	wh2_main_bas_skv
derpy_gg_hall_temple_skv	wh3_dlc29_skv_thanquol
derpy_gg_hall_temple_skv	wh3_main_skv_endgame
