building_chain	building_level	building_set	exclude
#building_set_to_building_junctions_tables;0;db/building_set_to_building_junctions_tables/derpy_great_guilds			
derpy_gg_hall_brass		derpy_gg_set_guild_halls	false
derpy_gg_hall_immortals		derpy_gg_set_guild_halls	false
derpy_gg_hall_daemonsmiths		derpy_gg_set_guild_halls	false
derpy_gg_hall_khanate		derpy_gg_set_guild_halls	false
derpy_gg_hall_overseers		derpy_gg_set_guild_halls	false
derpy_gg_hall_slavers		derpy_gg_set_guild_halls	false
derpy_gg_hall_temple		derpy_gg_set_guild_halls	false
derpy_gg_hall_brass_emp		derpy_gg_set_guild_halls_emp	false
derpy_gg_hall_immortals_emp		derpy_gg_set_guild_halls_emp	false
derpy_gg_hall_daemonsmiths_emp		derpy_gg_set_guild_halls_emp	false
derpy_gg_hall_khanate_emp		derpy_gg_set_guild_halls_emp	false
derpy_gg_hall_overseers_emp		derpy_gg_set_guild_halls_emp	false
derpy_gg_hall_slavers_emp		derpy_gg_set_guild_halls_emp	false
derpy_gg_hall_temple_emp		derpy_gg_set_guild_halls_emp	false
derpy_gg_hall_brass_dwf		derpy_gg_set_guild_halls_dwf	false
derpy_gg_hall_immortals_dwf		derpy_gg_set_guild_halls_dwf	false
derpy_gg_hall_daemonsmiths_dwf		derpy_gg_set_guild_halls_dwf	false
derpy_gg_hall_khanate_dwf		derpy_gg_set_guild_halls_dwf	false
derpy_gg_hall_overseers_dwf		derpy_gg_set_guild_halls_dwf	false
derpy_gg_hall_slavers_dwf		derpy_gg_set_guild_halls_dwf	false
derpy_gg_hall_temple_dwf		derpy_gg_set_guild_halls_dwf	false
derpy_gg_hall_brass_brt		derpy_gg_set_guild_halls_brt	false
derpy_gg_hall_immortals_brt		derpy_gg_set_guild_halls_brt	false
derpy_gg_hall_daemonsmiths_brt		derpy_gg_set_guild_halls_brt	false
derpy_gg_hall_khanate_brt		derpy_gg_set_guild_halls_brt	false
derpy_gg_hall_overseers_brt		derpy_gg_set_guild_halls_brt	false
derpy_gg_hall_slavers_brt		derpy_gg_set_guild_halls_brt	false
derpy_gg_hall_temple_brt		derpy_gg_set_guild_halls_brt	false
derpy_gg_hall_brass_cth		derpy_gg_set_guild_halls_cth	false
derpy_gg_hall_immortals_cth		derpy_gg_set_guild_halls_cth	false
derpy_gg_hall_daemonsmiths_cth		derpy_gg_set_guild_halls_cth	false
derpy_gg_hall_khanate_cth		derpy_gg_set_guild_halls_cth	false
derpy_gg_hall_overseers_cth		derpy_gg_set_guild_halls_cth	false
derpy_gg_hall_slavers_cth		derpy_gg_set_guild_halls_cth	false
derpy_gg_hall_temple_cth		derpy_gg_set_guild_halls_cth	false
derpy_gg_hall_brass_ksl		derpy_gg_set_guild_halls_ksl	false
derpy_gg_hall_immortals_ksl		derpy_gg_set_guild_halls_ksl	false
derpy_gg_hall_daemonsmiths_ksl		derpy_gg_set_guild_halls_ksl	false
derpy_gg_hall_khanate_ksl		derpy_gg_set_guild_halls_ksl	false
derpy_gg_hall_overseers_ksl		derpy_gg_set_guild_halls_ksl	false
derpy_gg_hall_slavers_ksl		derpy_gg_set_guild_halls_ksl	false
derpy_gg_hall_temple_ksl		derpy_gg_set_guild_halls_ksl	false
derpy_gg_hall_brass_def		derpy_gg_set_guild_halls_def	false
derpy_gg_hall_immortals_def		derpy_gg_set_guild_halls_def	false
derpy_gg_hall_daemonsmiths_def		derpy_gg_set_guild_halls_def	false
derpy_gg_hall_khanate_def		derpy_gg_set_guild_halls_def	false
derpy_gg_hall_overseers_def		derpy_gg_set_guild_halls_def	false
derpy_gg_hall_slavers_def		derpy_gg_set_guild_halls_def	false
derpy_gg_hall_temple_def		derpy_gg_set_guild_halls_def	false
derpy_gg_hall_brass_hef		derpy_gg_set_guild_halls_hef	false
derpy_gg_hall_immortals_hef		derpy_gg_set_guild_halls_hef	false
derpy_gg_hall_daemonsmiths_hef		derpy_gg_set_guild_halls_hef	false
derpy_gg_hall_khanate_hef		derpy_gg_set_guild_halls_hef	false
derpy_gg_hall_overseers_hef		derpy_gg_set_guild_halls_hef	false
derpy_gg_hall_slavers_hef		derpy_gg_set_guild_halls_hef	false
derpy_gg_hall_temple_hef		derpy_gg_set_guild_halls_hef	false
derpy_gg_hall_brass_skv		derpy_gg_set_guild_halls_skv	false
derpy_gg_hall_immortals_skv		derpy_gg_set_guild_halls_skv	false
derpy_gg_hall_daemonsmiths_skv		derpy_gg_set_guild_halls_skv	false
derpy_gg_hall_khanate_skv		derpy_gg_set_guild_halls_skv	false
derpy_gg_hall_overseers_skv		derpy_gg_set_guild_halls_skv	false
derpy_gg_hall_slavers_skv		derpy_gg_set_guild_halls_skv	false
derpy_gg_hall_temple_skv		derpy_gg_set_guild_halls_skv	false
