key	tech_category_tab	tech_category_position	chain_category	in_encyclopedia	building_superchain	optional_tier_icon	optional_sort_order	optional_required_horde_commander	can_be_dismantled	is_foreign_slot_chain
#building_chains_tables;10;db/building_chains_tables/derpy_great_guilds										
derpy_gg_hall_brass			military	false	derpy_gg_hall		0		true	false
derpy_gg_hall_immortals			military	false	derpy_gg_hall		0		true	false
derpy_gg_hall_daemonsmiths			military	false	derpy_gg_hall		0		true	false
derpy_gg_hall_khanate			military	false	derpy_gg_hall		0		true	false
derpy_gg_hall_overseers			military	false	derpy_gg_hall		0		true	false
derpy_gg_hall_slavers			military	false	derpy_gg_hall		0		true	false
derpy_gg_hall_temple			military	false	derpy_gg_hall		0		true	false
derpy_gg_hall_brass_emp			military	true	derpy_gg_hall_emp		3		true	false
derpy_gg_hall_immortals_emp			military	true	derpy_gg_hall_emp		3		true	false
derpy_gg_hall_daemonsmiths_emp			military	true	derpy_gg_hall_emp		3		true	false
derpy_gg_hall_khanate_emp			military	true	derpy_gg_hall_emp		3		true	false
derpy_gg_hall_overseers_emp			military	true	derpy_gg_hall_emp		3		true	false
derpy_gg_hall_slavers_emp			military	true	derpy_gg_hall_emp		3		true	false
derpy_gg_hall_temple_emp			military	true	derpy_gg_hall_emp		3		true	false
derpy_gg_hall_brass_dwf			military	true	derpy_gg_hall_dwf		4		true	false
derpy_gg_hall_immortals_dwf			military	true	derpy_gg_hall_dwf		4		true	false
derpy_gg_hall_daemonsmiths_dwf			military	true	derpy_gg_hall_dwf		4		true	false
derpy_gg_hall_khanate_dwf			military	true	derpy_gg_hall_dwf		4		true	false
derpy_gg_hall_overseers_dwf			military	true	derpy_gg_hall_dwf		4		true	false
derpy_gg_hall_slavers_dwf			military	true	derpy_gg_hall_dwf		4		true	false
derpy_gg_hall_temple_dwf			military	true	derpy_gg_hall_dwf		4		true	false
derpy_gg_hall_brass_brt			military	true	derpy_gg_hall_brt		2		true	false
derpy_gg_hall_immortals_brt			military	true	derpy_gg_hall_brt		2		true	false
derpy_gg_hall_daemonsmiths_brt			military	true	derpy_gg_hall_brt		2		true	false
derpy_gg_hall_khanate_brt			military	true	derpy_gg_hall_brt		2		true	false
derpy_gg_hall_overseers_brt			military	true	derpy_gg_hall_brt		2		true	false
derpy_gg_hall_slavers_brt			military	true	derpy_gg_hall_brt		2		true	false
derpy_gg_hall_temple_brt			military	true	derpy_gg_hall_brt		2		true	false
derpy_gg_hall_brass_cth			military	false	derpy_gg_hall_cth		2		true	false
derpy_gg_hall_immortals_cth			military	false	derpy_gg_hall_cth		2		true	false
derpy_gg_hall_daemonsmiths_cth			military	false	derpy_gg_hall_cth		2		true	false
derpy_gg_hall_khanate_cth			military	false	derpy_gg_hall_cth		2		true	false
derpy_gg_hall_overseers_cth			military	false	derpy_gg_hall_cth		2		true	false
derpy_gg_hall_slavers_cth			military	false	derpy_gg_hall_cth		2		true	false
derpy_gg_hall_temple_cth			military	false	derpy_gg_hall_cth		2		true	false
derpy_gg_hall_brass_ksl			military	false	derpy_gg_hall_ksl		1		true	false
derpy_gg_hall_immortals_ksl			military	false	derpy_gg_hall_ksl		1		true	false
derpy_gg_hall_daemonsmiths_ksl			military	false	derpy_gg_hall_ksl		1		true	false
derpy_gg_hall_khanate_ksl			military	false	derpy_gg_hall_ksl		1		true	false
derpy_gg_hall_overseers_ksl			military	false	derpy_gg_hall_ksl		1		true	false
derpy_gg_hall_slavers_ksl			military	false	derpy_gg_hall_ksl		1		true	false
derpy_gg_hall_temple_ksl			military	false	derpy_gg_hall_ksl		1		true	false
derpy_gg_hall_brass_def			military	false	derpy_gg_hall_def		0		true	false
derpy_gg_hall_immortals_def			military	false	derpy_gg_hall_def		0		true	false
derpy_gg_hall_daemonsmiths_def			military	false	derpy_gg_hall_def		0		true	false
derpy_gg_hall_khanate_def			military	false	derpy_gg_hall_def		0		true	false
derpy_gg_hall_overseers_def			military	false	derpy_gg_hall_def		0		true	false
derpy_gg_hall_slavers_def			military	false	derpy_gg_hall_def		0		true	false
derpy_gg_hall_temple_def			military	false	derpy_gg_hall_def		0		true	false
derpy_gg_hall_brass_hef			military	false	derpy_gg_hall_hef		0		true	false
derpy_gg_hall_immortals_hef			military	false	derpy_gg_hall_hef		0		true	false
derpy_gg_hall_daemonsmiths_hef			military	false	derpy_gg_hall_hef		0		true	false
derpy_gg_hall_khanate_hef			military	false	derpy_gg_hall_hef		0		true	false
derpy_gg_hall_overseers_hef			military	false	derpy_gg_hall_hef		0		true	false
derpy_gg_hall_slavers_hef			military	false	derpy_gg_hall_hef		0		true	false
derpy_gg_hall_temple_hef			military	false	derpy_gg_hall_hef		0		true	false
derpy_gg_hall_brass_skv			military	false	derpy_gg_hall_skv		2		true	false
derpy_gg_hall_immortals_skv			military	false	derpy_gg_hall_skv		2		true	false
derpy_gg_hall_daemonsmiths_skv			military	false	derpy_gg_hall_skv		2		true	false
derpy_gg_hall_khanate_skv			military	false	derpy_gg_hall_skv		2		true	false
derpy_gg_hall_overseers_skv			military	false	derpy_gg_hall_skv		2		true	false
derpy_gg_hall_slavers_skv			military	false	derpy_gg_hall_skv		2		true	false
derpy_gg_hall_temple_skv			military	false	derpy_gg_hall_skv		2		true	false
