building_chain	building_instance	building_or_building_range_start_inclusive	building_range_end_inclusive	building_super_chain	cai_construction_system_category	cai_construction_system_category_group	campaign	culture	faction	per_faction_building_limit_start	per_faction_building_limit_end	per_faction_building_minimum_discount_when_exceeding_limit_start	per_faction_building_maximum_discount_when_exceeding_limit_start	per_faction_building_minimum_discount_when_exceeding_limit_end	per_faction_building_maximum_discount_when_exceeding_limit_end	per_faction_per_building_discount_increment_when_exceeding_limit_start	per_faction_per_building_discount_increment_when_exceeding_limit_end	per_province_building_limit_start	per_province_building_limit_end	per_province_building_minimum_discount_when_exceeding_limit_start	per_province_building_maximum_discount_when_exceeding_limit_start	per_province_building_minimum_discount_when_exceeding_limit_end	per_province_building_maximum_discount_when_exceeding_limit_end	per_province_per_building_discount_increment_when_exceeding_limit_start	per_province_per_building_discount_increment_when_exceeding_limit_end	score_end_inclusive	score_or_score_start_inclusive	sub_culture
#cai_construction_system_building_values_tables;0;db/cai_construction_system_building_values_tables/derpy_great_guilds																												
derpy_gg_hall_brass						cai_support_group				3	3	0	0	0	0	0	0	-1	-1	0	0	0	0	0	0	2	125	
derpy_gg_hall_immortals						cai_military_group				3	3	2000	2000	2000	2000	0	0	0	0	510	510	510	510	0	0	2400	2500	
derpy_gg_hall_daemonsmiths						cai_military_group				3	3	2000	2000	2000	2000	0	0	0	0	510	510	510	510	0	0	2400	2500	
derpy_gg_hall_khanate						cai_military_group				3	3	1000	1000	1000	1000	0	0	0	0	510	510	510	510	0	0	1050	1250	
derpy_gg_hall_overseers						cai_support_group				3	3	0	0	0	0	0	0	-1	-1	0	0	0	0	0	0	20	1000	
derpy_gg_hall_slavers						cai_support_group				3	3	0	0	0	0	0	0	-1	-1	0	0	0	0	0	0	2	125	
derpy_gg_hall_temple						cai_support_group				3	3	0	0	0	0	0	0	-1	-1	0	0	0	0	0	0	5	250	
derpy_gg_hall_brass_emp						cai_support_group				3	3	0	0	0	0	0	0	-1	-1	0	0	0	0	0	0	200	1000	
derpy_gg_hall_immortals_emp						cai_support_group				3	3	0	0	0	0	0	0	-1	-1	0	0	0	0	0	0	20	125	
derpy_gg_hall_daemonsmiths_emp						cai_military_group				3	3	1000	1000	1000	1000	0	0	0	0	510	510	510	510	0	0	1100	1500	
derpy_gg_hall_khanate_emp						cai_military_group				3	3	2000	2000	2000	2000	0	0	0	0	510	510	510	510	0	0	2400	2500	
derpy_gg_hall_overseers_emp						cai_military_group				3	3	1000	1000	1000	1000	0	0	0	0	510	510	510	510	0	0	1100	1500	
derpy_gg_hall_slavers_emp						cai_military_group				3	3	2000	2000	2000	2000	0	0	0	0	510	510	510	510	0	0	2200	2500	
derpy_gg_hall_temple_emp						cai_support_group				3	3	0	0	0	0	0	0	-1	-1	0	0	0	0	0	0	1	1	
derpy_gg_hall_brass_dwf						cai_support_group				3	3	0	0	0	0	0	0	-1	-1	0	0	0	0	0	0	200	1000	
derpy_gg_hall_immortals_dwf						cai_support_group				3	3	0	0	0	0	0	0	-1	-1	0	0	0	0	0	0	20	125	
derpy_gg_hall_daemonsmiths_dwf						cai_military_group				3	3	1000	1000	1000	1000	0	0	0	0	510	510	510	510	0	0	1050	1250	
derpy_gg_hall_khanate_dwf						cai_military_group				3	3	1000	1000	1000	1000	0	0	0	0	510	510	510	510	0	0	1050	1250	
derpy_gg_hall_overseers_dwf						cai_support_group				3	3	0	0	0	0	0	0	-1	-1	0	0	0	0	0	0	200	1000	
derpy_gg_hall_slavers_dwf						cai_support_group				3	3	0	0	0	0	0	0	-1	-1	0	0	0	0	0	0	200	1000	
derpy_gg_hall_temple_dwf						cai_military_group				3	3	1000	1000	1000	1000	0	0	0	0	510	510	510	510	0	0	1100	1500	
derpy_gg_hall_brass_brt						cai_support_group				3	3	0	0	0	0	0	0	-1	-1	0	0	0	0	0	0	20	125	
derpy_gg_hall_immortals_brt						cai_support_group				3	3	0	0	0	0	0	0	-1	-1	0	0	0	0	0	0	20	125	
derpy_gg_hall_daemonsmiths_brt						cai_military_group				3	3	2000	2000	2000	2000	0	0	0	0	510	510	510	510	0	0	2400	2500	
derpy_gg_hall_khanate_brt						cai_support_group				3	3	0	0	0	0	0	0	-1	-1	0	0	0	0	0	0	200	1000	
derpy_gg_hall_overseers_brt						cai_support_group				3	3	40	40	40	40	0	0	0	0	260	260	260	260	0	0	50	250	
derpy_gg_hall_slavers_brt						cai_support_group				3	3	0	0	0	0	0	0	-1	-1	0	0	0	0	0	0	20	125	
derpy_gg_hall_temple_brt						cai_military_group				3	3	1000	1000	1000	1000	0	0	0	0	510	510	510	510	0	0	1050	1250	
derpy_gg_hall_brass_cth						cai_support_group				3	3	0	0	0	0	0	0	-1	-1	0	0	0	0	0	0	50	250	
derpy_gg_hall_immortals_cth						cai_support_group				3	3	0	0	0	0	0	0	-1	-1	0	0	0	0	0	0	50	250	
derpy_gg_hall_daemonsmiths_cth						cai_military_group				3	3	1000	1000	1000	1000	0	0	0	0	510	510	510	510	0	0	1100	1500	
derpy_gg_hall_khanate_cth						cai_support_group				3	3	0	0	0	0	0	0	-1	-1	0	0	0	0	0	0	50	250	
derpy_gg_hall_overseers_cth						cai_military_group				3	3	1000	1000	1000	1000	0	0	0	0	510	510	510	510	0	0	1100	1500	
derpy_gg_hall_slavers_cth						cai_support_group				3	3	0	0	0	0	0	0	-1	-1	0	0	0	0	0	0	50	250	
derpy_gg_hall_temple_cth						cai_support_group				3	3	0	0	0	0	0	0	-1	-1	0	0	0	0	0	0	50	250	
derpy_gg_hall_brass_ksl						cai_military_group				3	3	1000	1000	1000	1000	0	0	0	0	510	510	510	510	0	0	1100	1500	
derpy_gg_hall_immortals_ksl						cai_support_group				3	3	0	0	0	0	0	0	-1	-1	0	0	0	0	0	0	20	125	
derpy_gg_hall_daemonsmiths_ksl						cai_military_group				3	3	1000	1000	1000	1000	0	0	0	0	510	510	510	510	0	0	1100	1500	
derpy_gg_hall_khanate_ksl						cai_military_group				3	3	1000	1000	1000	1000	0	0	0	0	510	510	510	510	0	0	1100	1500	
derpy_gg_hall_overseers_ksl						cai_military_group				3	3	1000	1000	1000	1000	0	0	0	0	510	510	510	510	0	0	1100	1500	
derpy_gg_hall_slavers_ksl						cai_support_group				3	3	0	0	0	0	0	0	-1	-1	0	0	0	0	0	0	200	1000	
derpy_gg_hall_temple_ksl						cai_support_group			wh3_dlc24_ksl_daughters_of_the_forest	3	3	0	0	0	0	0	0	-1	-1	0	0	0	0	0	0	50	250	
derpy_gg_hall_brass_def						cai_support_group				3	3	0	0	0	0	0	0	-1	-1	0	0	0	0	0	0	20	125	
derpy_gg_hall_immortals_def						cai_support_group				3	3	0	0	0	0	0	0	-1	-1	0	0	0	0	0	0	20	125	
derpy_gg_hall_daemonsmiths_def						cai_military_group				3	3	1000	1000	1000	1000	0	0	0	0	510	510	510	510	0	0	1100	1500	
derpy_gg_hall_khanate_def						cai_military_group				3	3	1000	1000	1000	1000	0	0	0	0	510	510	510	510	0	0	1100	1500	
derpy_gg_hall_overseers_def						cai_military_group				3	3	1000	1000	1000	1000	0	0	0	0	510	510	510	510	0	0	1100	1500	
derpy_gg_hall_slavers_def						cai_support_group				3	3	0	0	0	0	0	0	-1	-1	0	0	0	0	0	0	200	1000	
derpy_gg_hall_temple_def						cai_support_group				3	3	0	0	0	0	0	0	-1	-1	0	0	0	0	0	0	20	125	
derpy_gg_hall_brass_hef						cai_support_group				3	3	0	0	0	0	0	0	-1	-1	0	0	0	0	0	0	250	500	
derpy_gg_hall_immortals_hef						cai_support_group				3	3	0	0	0	0	0	0	-1	-1	0	0	0	0	0	0	20	125	
derpy_gg_hall_daemonsmiths_hef						cai_military_group				3	3	1000	1000	1000	1000	0	0	0	0	510	510	510	510	0	0	1100	1500	
derpy_gg_hall_khanate_hef						cai_military_group				3	3	1000	1000	1000	1000	0	0	0	0	510	510	510	510	0	0	1100	1500	
derpy_gg_hall_overseers_hef						cai_military_group				3	3	1000	1000	1000	1000	0	0	0	0	510	510	510	510	0	0	1100	1500	
derpy_gg_hall_slavers_hef						cai_support_group				3	3	0	0	0	0	0	0	-1	-1	0	0	0	0	0	0	250	500	
derpy_gg_hall_temple_hef						cai_support_group				3	3	0	0	0	0	0	0	-1	-1	0	0	0	0	0	0	250	500	
derpy_gg_hall_brass_skv						cai_military_group				3	3	1000	1000	1000	1000	0	0	0	0	510	510	510	510	0	0	1100	1500	
derpy_gg_hall_immortals_skv						cai_support_group				3	3	0	0	0	0	0	0	-1	-1	0	0	0	0	0	0	100	500	
derpy_gg_hall_daemonsmiths_skv						cai_military_group				3	3	1000	1000	1000	1000	0	0	0	0	510	510	510	510	0	0	1100	1500	
derpy_gg_hall_khanate_skv						cai_support_group				3	3	0	0	0	0	0	0	-1	-1	0	0	0	0	0	0	20	125	
derpy_gg_hall_overseers_skv						cai_military_group				3	3	1000	1000	1000	1000	0	0	0	0	510	510	510	510	0	0	1100	1500	
derpy_gg_hall_slavers_skv						cai_military_group				3	3	1000	1000	1000	1000	0	0	0	0	510	510	510	510	0	0	1100	1500	
derpy_gg_hall_temple_skv						cai_military_group				3	3	1000	1000	1000	1000	0	0	0	0	510	510	510	510	0	0	1100	1500	
