key	localised_description	localised_title	bundle_target	priority	ui_icon	is_global_effect	show_in_3d_space	owner_only
#effect_bundles_tables;4;db/effect_bundles_tables/derpy_great_guilds								
derpy_gg_rank_brass_2		The Brass Tablets - Indebted	faction	1	derpy_gg_brass.png	true	false	true
derpy_gg_rank_brass_3		The Brass Tablets - Sworn	faction	1	derpy_gg_brass.png	true	false	true
derpy_gg_rank_brass_4		The Brass Tablets - Favoured	faction	1	derpy_gg_brass.png	true	false	true
derpy_gg_rank_brass_5		The Brass Tablets - Exalted	faction	1	derpy_gg_brass.png	true	false	true
derpy_gg_lead_brass		The Brass Tablets - Foremost	faction	1	derpy_gg_brass.png	true	false	true
derpy_gg_rank_immortals_2		The Immortals - Indebted	faction	1	derpy_gg_immortals.png	true	false	true
derpy_gg_rank_immortals_3		The Immortals - Sworn	faction	1	derpy_gg_immortals.png	true	false	true
derpy_gg_rank_immortals_4		The Immortals - Favoured	faction	1	derpy_gg_immortals.png	true	false	true
derpy_gg_rank_immortals_5		The Immortals - Exalted	faction	1	derpy_gg_immortals.png	true	false	true
derpy_gg_lead_immortals		The Immortals - Foremost	faction	1	derpy_gg_immortals.png	true	false	true
derpy_gg_rank_daemonsmiths_2		The Daemonsmiths - Indebted	faction	1	derpy_gg_daemonsmiths.png	true	false	true
derpy_gg_rank_daemonsmiths_3		The Daemonsmiths - Sworn	faction	1	derpy_gg_daemonsmiths.png	true	false	true
derpy_gg_rank_daemonsmiths_4		The Daemonsmiths - Favoured	faction	1	derpy_gg_daemonsmiths.png	true	false	true
derpy_gg_rank_daemonsmiths_5		The Daemonsmiths - Exalted	faction	1	derpy_gg_daemonsmiths.png	true	false	true
derpy_gg_lead_daemonsmiths		The Daemonsmiths - Foremost	faction	1	derpy_gg_daemonsmiths.png	true	false	true
derpy_gg_rank_khanate_2		The Khanate - Indebted	faction	1	derpy_gg_khanate.png	true	false	true
derpy_gg_rank_khanate_3		The Khanate - Sworn	faction	1	derpy_gg_khanate.png	true	false	true
derpy_gg_rank_khanate_4		The Khanate - Favoured	faction	1	derpy_gg_khanate.png	true	false	true
derpy_gg_rank_khanate_5		The Khanate - Exalted	faction	1	derpy_gg_khanate.png	true	false	true
derpy_gg_lead_khanate		The Khanate - Foremost	faction	1	derpy_gg_khanate.png	true	false	true
derpy_gg_rank_overseers_2		The Overseers - Indebted	faction	1	derpy_gg_overseers.png	true	false	true
derpy_gg_rank_overseers_3		The Overseers - Sworn	faction	1	derpy_gg_overseers.png	true	false	true
derpy_gg_rank_overseers_4		The Overseers - Favoured	faction	1	derpy_gg_overseers.png	true	false	true
derpy_gg_rank_overseers_5		The Overseers - Exalted	faction	1	derpy_gg_overseers.png	true	false	true
derpy_gg_lead_overseers		The Overseers - Foremost	faction	1	derpy_gg_overseers.png	true	false	true
derpy_gg_rank_slavers_2		The Slavers - Indebted	faction	1	derpy_gg_slavers.png	true	false	true
derpy_gg_rank_slavers_3		The Slavers - Sworn	faction	1	derpy_gg_slavers.png	true	false	true
derpy_gg_rank_slavers_4		The Slavers - Favoured	faction	1	derpy_gg_slavers.png	true	false	true
derpy_gg_rank_slavers_5		The Slavers - Exalted	faction	1	derpy_gg_slavers.png	true	false	true
derpy_gg_lead_slavers		The Slavers - Foremost	faction	1	derpy_gg_slavers.png	true	false	true
derpy_gg_patron		Guild Patron	force	1	derpy_gg_patron.png	true	false	true
derpy_gg_svc_writ_monopoly		Writ of Monopoly	faction	1	derpy_gg_brass.png	true	false	true
derpy_gg_svc_long_ledger		The Long Ledger	faction	1	derpy_gg_brass.png	true	false	true
derpy_gg_svc_oathbound_draft		Oathbound Draft	faction	1	derpy_gg_immortals.png	true	false	true
derpy_gg_svc_astragoths_levy		Astragoth's Levy	faction	1	derpy_gg_immortals.png	true	false	true
derpy_gg_svc_forge_rite		Forge-Rite	faction	1	derpy_gg_daemonsmiths.png	true	false	true
derpy_gg_svc_bound_ordnance		Daemon-Bound Ordnance	faction	1	derpy_gg_daemonsmiths.png	true	false	true
derpy_gg_svc_knife_in_dark		Knife in the Dark	faction	1	derpy_gg_khanate.png	true	false	true
derpy_gg_svc_khans_price		The Khan's Price	faction	1	derpy_gg_khanate.png	true	false	true
derpy_gg_svc_lash_the_gangs		Lash the Gangs	faction	1	derpy_gg_overseers.png	true	false	true
derpy_gg_svc_works_of_zharr		Works of Zharr	faction	1	derpy_gg_overseers.png	true	false	true
derpy_gg_svc_coffle_drive		Coffle Drive	faction	1	derpy_gg_slavers.png	true	false	true
derpy_gg_svc_great_coffle		The Great Coffle	faction	1	derpy_gg_slavers.png	true	false	true
derpy_gg_svc_alms_and_bribes		Temple Bribes	faction	1	derpy_gg_brass.png	true	false	true
derpy_gg_svc_mercenary_contract		Hobgoblin Contracts	faction	1	derpy_gg_brass.png	true	false	true
derpy_gg_svc_guild_loan		Brass Loan	faction	1	derpy_gg_brass.png	true	false	true
derpy_gg_svc_industry_charter		Furnace Charter	faction	1	derpy_gg_brass.png	true	false	true
derpy_gg_svc_treasury_seal		The Tablet Seal	faction	1	derpy_gg_brass.png	true	false	true
derpy_gg_svc_bought_peace		Bought Obedience	faction	1	derpy_gg_brass.png	true	false	true
derpy_gg_svc_forced_march		Forced March	force	1	derpy_gg_immortals.png	true	false	true
derpy_gg_svc_drillmasters		Drillmasters	faction	1	derpy_gg_immortals.png	true	false	true
derpy_gg_svc_battle_standard		Bull Standard	force	1	derpy_gg_immortals.png	true	false	true
derpy_gg_svc_field_surgeons		Flesh-Menders	force	1	derpy_gg_immortals.png	true	false	true
derpy_gg_svc_veteran_cadre		Blooded Cadre	faction	1	derpy_gg_immortals.png	true	false	true
derpy_gg_svc_ward_runes		Daemonic Wards	force	1	derpy_gg_daemonsmiths.png	true	false	true
derpy_gg_svc_spirit_siphon		Siphon the Winds	faction	1	derpy_gg_daemonsmiths.png	true	false	true
derpy_gg_svc_forged_arms		Daemon-Forged Arms	faction	1	derpy_gg_daemonsmiths.png	true	false	true
derpy_gg_svc_master_gunners		Gunnery Masters	faction	1	derpy_gg_daemonsmiths.png	true	false	true
derpy_gg_svc_great_work		The Great Work	faction	1	derpy_gg_daemonsmiths.png	true	false	true
derpy_gg_svc_arsenal		Arsenal of Zharr	faction	1	derpy_gg_daemonsmiths.png	true	false	true
derpy_gg_svc_bribed_guards		Bribed Guards	faction	1	derpy_gg_khanate.png	true	false	true
derpy_gg_svc_blooded_agents		Blooded Agents	faction	1	derpy_gg_khanate.png	true	false	true
derpy_gg_svc_sow_discord		Sow Discord	region	1	derpy_gg_khanate.png	true	false	true
derpy_gg_svc_web_of_whispers		Web of Whispers	faction	1	derpy_gg_khanate.png	true	false	true
derpy_gg_svc_poisoned_wells		Poisoned Wells	region	1	derpy_gg_khanate.png	true	false	true
derpy_gg_svc_granaries		Fattened Herds	region	1	derpy_gg_overseers.png	true	false	true
derpy_gg_svc_road_gangs		Road Gangs	faction	1	derpy_gg_overseers.png	true	false	true
derpy_gg_svc_enforcers		Overseer Enforcers	region	1	derpy_gg_overseers.png	true	false	true
derpy_gg_svc_fortify		Fortify the Walls	region	1	derpy_gg_overseers.png	true	false	true
derpy_gg_svc_master_builders		Master Builders	faction	1	derpy_gg_overseers.png	true	false	true
derpy_gg_svc_public_works		Monuments to Hashut	faction	1	derpy_gg_overseers.png	true	false	true
derpy_gg_svc_raiding_parties		Raiding Parties	faction	1	derpy_gg_slavers.png	true	false	true
derpy_gg_svc_captive_markets		Captive Markets	faction	1	derpy_gg_slavers.png	true	false	true
derpy_gg_svc_slave_levy		Slave Levy	faction	1	derpy_gg_slavers.png	true	false	true
derpy_gg_svc_pit_fights		Pit Fights	faction	1	derpy_gg_slavers.png	true	false	true
derpy_gg_svc_great_hunt		The Great Hunt	faction	1	derpy_gg_slavers.png	true	false	true
derpy_gg_svc_scorched_earth		Scorched Earth	region	1	derpy_gg_slavers.png	true	false	true
derpy_gg_rank_brass_2_emp		The Merchant Guilds - Apprentice	faction	1	derpy_gg_brass_emp.png	true	false	true
derpy_gg_rank_brass_3_emp		The Merchant Guilds - Journeyman	faction	1	derpy_gg_brass_emp.png	true	false	true
derpy_gg_rank_brass_4_emp		The Merchant Guilds - Master	faction	1	derpy_gg_brass_emp.png	true	false	true
derpy_gg_rank_brass_5_emp		The Merchant Guilds - Grand Master	faction	1	derpy_gg_brass_emp.png	true	false	true
derpy_gg_lead_brass_emp		The Merchant Guilds - Foremost	faction	1	derpy_gg_brass_emp.png	true	false	true
derpy_gg_rank_immortals_2_emp		The Greatswords - Apprentice	faction	1	derpy_gg_immortals_emp.png	true	false	true
derpy_gg_rank_immortals_3_emp		The Greatswords - Journeyman	faction	1	derpy_gg_immortals_emp.png	true	false	true
derpy_gg_rank_immortals_4_emp		The Greatswords - Master	faction	1	derpy_gg_immortals_emp.png	true	false	true
derpy_gg_rank_immortals_5_emp		The Greatswords - Grand Master	faction	1	derpy_gg_immortals_emp.png	true	false	true
derpy_gg_lead_immortals_emp		The Greatswords - Foremost	faction	1	derpy_gg_immortals_emp.png	true	false	true
derpy_gg_rank_daemonsmiths_2_emp		The Engineers' School - Apprentice	faction	1	derpy_gg_daemonsmiths_emp.png	true	false	true
derpy_gg_rank_daemonsmiths_3_emp		The Engineers' School - Journeyman	faction	1	derpy_gg_daemonsmiths_emp.png	true	false	true
derpy_gg_rank_daemonsmiths_4_emp		The Engineers' School - Master	faction	1	derpy_gg_daemonsmiths_emp.png	true	false	true
derpy_gg_rank_daemonsmiths_5_emp		The Engineers' School - Grand Master	faction	1	derpy_gg_daemonsmiths_emp.png	true	false	true
derpy_gg_lead_daemonsmiths_emp		The Engineers' School - Foremost	faction	1	derpy_gg_daemonsmiths_emp.png	true	false	true
derpy_gg_rank_khanate_2_emp		The Thieves' Guild - Apprentice	faction	1	derpy_gg_khanate_emp.png	true	false	true
derpy_gg_rank_khanate_3_emp		The Thieves' Guild - Journeyman	faction	1	derpy_gg_khanate_emp.png	true	false	true
derpy_gg_rank_khanate_4_emp		The Thieves' Guild - Master	faction	1	derpy_gg_khanate_emp.png	true	false	true
derpy_gg_rank_khanate_5_emp		The Thieves' Guild - Grand Master	faction	1	derpy_gg_khanate_emp.png	true	false	true
derpy_gg_lead_khanate_emp		The Thieves' Guild - Foremost	faction	1	derpy_gg_khanate_emp.png	true	false	true
derpy_gg_rank_overseers_2_emp		The Masons' Guild - Apprentice	faction	1	derpy_gg_overseers_emp.png	true	false	true
derpy_gg_rank_overseers_3_emp		The Masons' Guild - Journeyman	faction	1	derpy_gg_overseers_emp.png	true	false	true
derpy_gg_rank_overseers_4_emp		The Masons' Guild - Master	faction	1	derpy_gg_overseers_emp.png	true	false	true
derpy_gg_rank_overseers_5_emp		The Masons' Guild - Grand Master	faction	1	derpy_gg_overseers_emp.png	true	false	true
derpy_gg_lead_overseers_emp		The Masons' Guild - Foremost	faction	1	derpy_gg_overseers_emp.png	true	false	true
derpy_gg_rank_slavers_2_emp		The Free Companies - Apprentice	faction	1	derpy_gg_slavers_emp.png	true	false	true
derpy_gg_rank_slavers_3_emp		The Free Companies - Journeyman	faction	1	derpy_gg_slavers_emp.png	true	false	true
derpy_gg_rank_slavers_4_emp		The Free Companies - Master	faction	1	derpy_gg_slavers_emp.png	true	false	true
derpy_gg_rank_slavers_5_emp		The Free Companies - Grand Master	faction	1	derpy_gg_slavers_emp.png	true	false	true
derpy_gg_lead_slavers_emp		The Free Companies - Foremost	faction	1	derpy_gg_slavers_emp.png	true	false	true
derpy_gg_svc_writ_monopoly_emp		Imperial Charter	faction	1	derpy_gg_brass_emp.png	true	false	true
derpy_gg_svc_long_ledger_emp		The Altdorf Exchange	faction	1	derpy_gg_brass_emp.png	true	false	true
derpy_gg_svc_oathbound_draft_emp		Muster Roll	faction	1	derpy_gg_immortals_emp.png	true	false	true
derpy_gg_svc_astragoths_levy_emp		The Emperor's Levy	faction	1	derpy_gg_immortals_emp.png	true	false	true
derpy_gg_svc_forge_rite_emp		Proving Grounds	faction	1	derpy_gg_daemonsmiths_emp.png	true	false	true
derpy_gg_svc_bound_ordnance_emp		Guns of Nuln	faction	1	derpy_gg_daemonsmiths_emp.png	true	false	true
derpy_gg_svc_knife_in_dark_emp		Knife in the Alley	faction	1	derpy_gg_khanate_emp.png	true	false	true
derpy_gg_svc_khans_price_emp		Protection Money	faction	1	derpy_gg_khanate_emp.png	true	false	true
derpy_gg_svc_lash_the_gangs_emp		Overtime Wages	faction	1	derpy_gg_overseers_emp.png	true	false	true
derpy_gg_svc_works_of_zharr_emp		The Emperor's Works	faction	1	derpy_gg_overseers_emp.png	true	false	true
derpy_gg_svc_coffle_drive_emp		Plunder Rights	faction	1	derpy_gg_slavers_emp.png	true	false	true
derpy_gg_svc_great_coffle_emp		The Grand Pillage	faction	1	derpy_gg_slavers_emp.png	true	false	true
derpy_gg_svc_alms_and_bribes_emp		Alms to the Temples	faction	1	derpy_gg_brass_emp.png	true	false	true
derpy_gg_svc_mercenary_contract_emp		Sell-Sword Contracts	faction	1	derpy_gg_brass_emp.png	true	false	true
derpy_gg_svc_guild_loan_emp		A Loan from Marienburg	faction	1	derpy_gg_brass_emp.png	true	false	true
derpy_gg_svc_industry_charter_emp		Guild Charter of Nuln	faction	1	derpy_gg_brass_emp.png	true	false	true
derpy_gg_svc_treasury_seal_emp		The Imperial Seal	faction	1	derpy_gg_brass_emp.png	true	false	true
derpy_gg_svc_bought_peace_emp		Bread and Circuses	faction	1	derpy_gg_brass_emp.png	true	false	true
derpy_gg_svc_forced_march_emp		Forced March	force	1	derpy_gg_immortals_emp.png	true	false	true
derpy_gg_svc_drillmasters_emp		Drill Sergeants	faction	1	derpy_gg_immortals_emp.png	true	false	true
derpy_gg_svc_battle_standard_emp		The Regimental Colours	force	1	derpy_gg_immortals_emp.png	true	false	true
derpy_gg_svc_field_surgeons_emp		Barber-Surgeons	force	1	derpy_gg_immortals_emp.png	true	false	true
derpy_gg_svc_veteran_cadre_emp		Old Soldiers	faction	1	derpy_gg_immortals_emp.png	true	false	true
derpy_gg_svc_ward_runes_emp		Blessed Wards	force	1	derpy_gg_daemonsmiths_emp.png	true	false	true
derpy_gg_svc_spirit_siphon_emp		The Colleges' Tithe	faction	1	derpy_gg_daemonsmiths_emp.png	true	false	true
derpy_gg_svc_forged_arms_emp		Nuln Steel	faction	1	derpy_gg_daemonsmiths_emp.png	true	false	true
derpy_gg_svc_master_gunners_emp		Master Gunners	faction	1	derpy_gg_daemonsmiths_emp.png	true	false	true
derpy_gg_svc_great_work_emp		The Grand Treatise	faction	1	derpy_gg_daemonsmiths_emp.png	true	false	true
derpy_gg_svc_arsenal_emp		The Imperial Arsenal	faction	1	derpy_gg_daemonsmiths_emp.png	true	false	true
derpy_gg_svc_bribed_guards_emp		Bribed Watchmen	faction	1	derpy_gg_khanate_emp.png	true	false	true
derpy_gg_svc_blooded_agents_emp		Seasoned Agents	faction	1	derpy_gg_khanate_emp.png	true	false	true
derpy_gg_svc_sow_discord_emp		Rumours in the Taverns	region	1	derpy_gg_khanate_emp.png	true	false	true
derpy_gg_svc_web_of_whispers_emp		Every Street Corner	faction	1	derpy_gg_khanate_emp.png	true	false	true
derpy_gg_svc_poisoned_wells_emp		Bad Water	region	1	derpy_gg_khanate_emp.png	true	false	true
derpy_gg_svc_granaries_emp		Full Granaries	region	1	derpy_gg_overseers_emp.png	true	false	true
derpy_gg_svc_road_gangs_emp		Road Wardens	faction	1	derpy_gg_overseers_emp.png	true	false	true
derpy_gg_svc_enforcers_emp		The Watch	region	1	derpy_gg_overseers_emp.png	true	false	true
derpy_gg_svc_fortify_emp		Shore Up the Walls	region	1	derpy_gg_overseers_emp.png	true	false	true
derpy_gg_svc_master_builders_emp		Master Masons	faction	1	derpy_gg_overseers_emp.png	true	false	true
derpy_gg_svc_public_works_emp		Civic Works	faction	1	derpy_gg_overseers_emp.png	true	false	true
derpy_gg_svc_raiding_parties_emp		Foraging Parties	faction	1	derpy_gg_slavers_emp.png	true	false	true
derpy_gg_svc_captive_markets_emp		Ransom Brokers	faction	1	derpy_gg_slavers_emp.png	true	false	true
derpy_gg_svc_slave_levy_emp		Press Gangs	faction	1	derpy_gg_slavers_emp.png	true	false	true
derpy_gg_svc_pit_fights_emp		Tourney Grounds	faction	1	derpy_gg_slavers_emp.png	true	false	true
derpy_gg_svc_great_hunt_emp		The Long Ride	faction	1	derpy_gg_slavers_emp.png	true	false	true
derpy_gg_svc_scorched_earth_emp		Burn the Fields	region	1	derpy_gg_slavers_emp.png	true	false	true
derpy_gg_svc_witch_hunters_warrant_emp		Witch Hunters' Warrant	region	1	derpy_gg_overseers_emp.png	true	false	true
derpy_gg_svc_unity_of_empire_emp		Unity of the Empire	faction	1	derpy_gg_brass_emp.png	true	false	true
derpy_gg_rank_brass_2_dwf		The Merchant Clans - Beardling	faction	1	derpy_gg_brass_dwf.png	true	false	true
derpy_gg_rank_brass_3_dwf		The Merchant Clans - Oathsworn	faction	1	derpy_gg_brass_dwf.png	true	false	true
derpy_gg_rank_brass_4_dwf		The Merchant Clans - Longbeard	faction	1	derpy_gg_brass_dwf.png	true	false	true
derpy_gg_rank_brass_5_dwf		The Merchant Clans - Elder	faction	1	derpy_gg_brass_dwf.png	true	false	true
derpy_gg_lead_brass_dwf		The Merchant Clans - Foremost	faction	1	derpy_gg_brass_dwf.png	true	false	true
derpy_gg_rank_immortals_2_dwf		The Hammerers - Beardling	faction	1	derpy_gg_immortals_dwf.png	true	false	true
derpy_gg_rank_immortals_3_dwf		The Hammerers - Oathsworn	faction	1	derpy_gg_immortals_dwf.png	true	false	true
derpy_gg_rank_immortals_4_dwf		The Hammerers - Longbeard	faction	1	derpy_gg_immortals_dwf.png	true	false	true
derpy_gg_rank_immortals_5_dwf		The Hammerers - Elder	faction	1	derpy_gg_immortals_dwf.png	true	false	true
derpy_gg_lead_immortals_dwf		The Hammerers - Foremost	faction	1	derpy_gg_immortals_dwf.png	true	false	true
derpy_gg_rank_daemonsmiths_2_dwf		The Engineers' Guild - Beardling	faction	1	derpy_gg_daemonsmiths_dwf.png	true	false	true
derpy_gg_rank_daemonsmiths_3_dwf		The Engineers' Guild - Oathsworn	faction	1	derpy_gg_daemonsmiths_dwf.png	true	false	true
derpy_gg_rank_daemonsmiths_4_dwf		The Engineers' Guild - Longbeard	faction	1	derpy_gg_daemonsmiths_dwf.png	true	false	true
derpy_gg_rank_daemonsmiths_5_dwf		The Engineers' Guild - Elder	faction	1	derpy_gg_daemonsmiths_dwf.png	true	false	true
derpy_gg_lead_daemonsmiths_dwf		The Engineers' Guild - Foremost	faction	1	derpy_gg_daemonsmiths_dwf.png	true	false	true
derpy_gg_rank_khanate_2_dwf		The Rangers - Beardling	faction	1	derpy_gg_khanate_dwf.png	true	false	true
derpy_gg_rank_khanate_3_dwf		The Rangers - Oathsworn	faction	1	derpy_gg_khanate_dwf.png	true	false	true
derpy_gg_rank_khanate_4_dwf		The Rangers - Longbeard	faction	1	derpy_gg_khanate_dwf.png	true	false	true
derpy_gg_rank_khanate_5_dwf		The Rangers - Elder	faction	1	derpy_gg_khanate_dwf.png	true	false	true
derpy_gg_lead_khanate_dwf		The Rangers - Foremost	faction	1	derpy_gg_khanate_dwf.png	true	false	true
derpy_gg_rank_overseers_2_dwf		The Miners' Guild - Beardling	faction	1	derpy_gg_overseers_dwf.png	true	false	true
derpy_gg_rank_overseers_3_dwf		The Miners' Guild - Oathsworn	faction	1	derpy_gg_overseers_dwf.png	true	false	true
derpy_gg_rank_overseers_4_dwf		The Miners' Guild - Longbeard	faction	1	derpy_gg_overseers_dwf.png	true	false	true
derpy_gg_rank_overseers_5_dwf		The Miners' Guild - Elder	faction	1	derpy_gg_overseers_dwf.png	true	false	true
derpy_gg_lead_overseers_dwf		The Miners' Guild - Foremost	faction	1	derpy_gg_overseers_dwf.png	true	false	true
derpy_gg_rank_slavers_2_dwf		The Grudge-Settlers - Beardling	faction	1	derpy_gg_slavers_dwf.png	true	false	true
derpy_gg_rank_slavers_3_dwf		The Grudge-Settlers - Oathsworn	faction	1	derpy_gg_slavers_dwf.png	true	false	true
derpy_gg_rank_slavers_4_dwf		The Grudge-Settlers - Longbeard	faction	1	derpy_gg_slavers_dwf.png	true	false	true
derpy_gg_rank_slavers_5_dwf		The Grudge-Settlers - Elder	faction	1	derpy_gg_slavers_dwf.png	true	false	true
derpy_gg_lead_slavers_dwf		The Grudge-Settlers - Foremost	faction	1	derpy_gg_slavers_dwf.png	true	false	true
derpy_gg_svc_writ_monopoly_dwf		Hold Charter	faction	1	derpy_gg_brass_dwf.png	true	false	true
derpy_gg_svc_long_ledger_dwf		The Clan Ledger	faction	1	derpy_gg_brass_dwf.png	true	false	true
derpy_gg_svc_oathbound_draft_dwf		Call to the Hold	faction	1	derpy_gg_immortals_dwf.png	true	false	true
derpy_gg_svc_astragoths_levy_dwf		The High King's Levy	faction	1	derpy_gg_immortals_dwf.png	true	false	true
derpy_gg_svc_forge_rite_dwf		Guild Workshop	faction	1	derpy_gg_daemonsmiths_dwf.png	true	false	true
derpy_gg_svc_bound_ordnance_dwf		Guild Artillery	faction	1	derpy_gg_daemonsmiths_dwf.png	true	false	true
derpy_gg_svc_knife_in_dark_dwf		Ambush in the Passes	faction	1	derpy_gg_khanate_dwf.png	true	false	true
derpy_gg_svc_khans_price_dwf		Cut Their Roads	faction	1	derpy_gg_khanate_dwf.png	true	false	true
derpy_gg_svc_lash_the_gangs_dwf		Double Shift	faction	1	derpy_gg_overseers_dwf.png	true	false	true
derpy_gg_svc_works_of_zharr_dwf		Works of Grungni	faction	1	derpy_gg_overseers_dwf.png	true	false	true
derpy_gg_svc_coffle_drive_dwf		Settle the Account	faction	1	derpy_gg_slavers_dwf.png	true	false	true
derpy_gg_svc_great_coffle_dwf		The Great Reckoning	faction	1	derpy_gg_slavers_dwf.png	true	false	true
derpy_gg_svc_alms_and_bribes_dwf		Ancestor Offerings	faction	1	derpy_gg_brass_dwf.png	true	false	true
derpy_gg_svc_mercenary_contract_dwf		Clan Contracts	faction	1	derpy_gg_brass_dwf.png	true	false	true
derpy_gg_svc_guild_loan_dwf		A Loan in Gold	faction	1	derpy_gg_brass_dwf.png	true	false	true
derpy_gg_svc_industry_charter_dwf		Forge Charter	faction	1	derpy_gg_brass_dwf.png	true	false	true
derpy_gg_svc_treasury_seal_dwf		The Hold's Seal	faction	1	derpy_gg_brass_dwf.png	true	false	true
derpy_gg_svc_bought_peace_dwf		Ale for the Hold	faction	1	derpy_gg_brass_dwf.png	true	false	true
derpy_gg_svc_forced_march_dwf		Long March	force	1	derpy_gg_immortals_dwf.png	true	false	true
derpy_gg_svc_drillmasters_dwf		Shieldwall Drill	faction	1	derpy_gg_immortals_dwf.png	true	false	true
derpy_gg_svc_battle_standard_dwf		The Clan Banner	force	1	derpy_gg_immortals_dwf.png	true	false	true
derpy_gg_svc_field_surgeons_dwf		Hold Healers	force	1	derpy_gg_immortals_dwf.png	true	false	true
derpy_gg_svc_veteran_cadre_dwf		Longbeard Mentors	faction	1	derpy_gg_immortals_dwf.png	true	false	true
derpy_gg_svc_ward_runes_dwf		Runes of Warding	force	1	derpy_gg_daemonsmiths_dwf.png	true	false	true
derpy_gg_svc_spirit_siphon_dwf		Runelord's Anvil	faction	1	derpy_gg_daemonsmiths_dwf.png	true	false	true
derpy_gg_svc_forged_arms_dwf		Gromril Edges	faction	1	derpy_gg_daemonsmiths_dwf.png	true	false	true
derpy_gg_svc_master_gunners_dwf		Master Engineers	faction	1	derpy_gg_daemonsmiths_dwf.png	true	false	true
derpy_gg_svc_great_work_dwf		The Engineers' Masterwork	faction	1	derpy_gg_daemonsmiths_dwf.png	true	false	true
derpy_gg_svc_arsenal_dwf		Hold Arsenal	faction	1	derpy_gg_daemonsmiths_dwf.png	true	false	true
derpy_gg_svc_bribed_guards_dwf		Paid Guides	faction	1	derpy_gg_khanate_dwf.png	true	false	true
derpy_gg_svc_blooded_agents_dwf		Seasoned Rangers	faction	1	derpy_gg_khanate_dwf.png	true	false	true
derpy_gg_svc_sow_discord_dwf		Stir the Grudges	region	1	derpy_gg_khanate_dwf.png	true	false	true
derpy_gg_svc_web_of_whispers_dwf		Paths Under the Mountain	faction	1	derpy_gg_khanate_dwf.png	true	false	true
derpy_gg_svc_poisoned_wells_dwf		Foul the Springs	region	1	derpy_gg_khanate_dwf.png	true	false	true
derpy_gg_svc_granaries_dwf		Brewhouse Stores	region	1	derpy_gg_overseers_dwf.png	true	false	true
derpy_gg_svc_road_gangs_dwf		Underway Tunnels	faction	1	derpy_gg_overseers_dwf.png	true	false	true
derpy_gg_svc_enforcers_dwf		Hold Wardens	region	1	derpy_gg_overseers_dwf.png	true	false	true
derpy_gg_svc_fortify_dwf		Reinforce the Gates	region	1	derpy_gg_overseers_dwf.png	true	false	true
derpy_gg_svc_master_builders_dwf		Master Stonemasons	faction	1	derpy_gg_overseers_dwf.png	true	false	true
derpy_gg_svc_public_works_dwf		Carved Halls	faction	1	derpy_gg_overseers_dwf.png	true	false	true
derpy_gg_svc_raiding_parties_dwf		Reclaiming Parties	faction	1	derpy_gg_slavers_dwf.png	true	false	true
derpy_gg_svc_captive_markets_dwf		Salvage Rights	faction	1	derpy_gg_slavers_dwf.png	true	false	true
derpy_gg_svc_slave_levy_dwf		Clan Muster	faction	1	derpy_gg_slavers_dwf.png	true	false	true
derpy_gg_svc_pit_fights_dwf		Trial of Axes	faction	1	derpy_gg_slavers_dwf.png	true	false	true
derpy_gg_svc_great_hunt_dwf		The Great Reclaiming	faction	1	derpy_gg_slavers_dwf.png	true	false	true
derpy_gg_svc_scorched_earth_dwf		Collapse the Mines	region	1	derpy_gg_slavers_dwf.png	true	false	true
derpy_gg_rank_brass_2_brt		The Wine Merchants - Yeoman	faction	1	derpy_gg_brass_brt.png	true	false	true
derpy_gg_rank_brass_3_brt		The Wine Merchants - Squire	faction	1	derpy_gg_brass_brt.png	true	false	true
derpy_gg_rank_brass_4_brt		The Wine Merchants - Knight	faction	1	derpy_gg_brass_brt.png	true	false	true
derpy_gg_rank_brass_5_brt		The Wine Merchants - Paladin	faction	1	derpy_gg_brass_brt.png	true	false	true
derpy_gg_lead_brass_brt		The Wine Merchants - Foremost	faction	1	derpy_gg_brass_brt.png	true	false	true
derpy_gg_rank_immortals_2_brt		The Knights Errant - Yeoman	faction	1	derpy_gg_immortals_brt.png	true	false	true
derpy_gg_rank_immortals_3_brt		The Knights Errant - Squire	faction	1	derpy_gg_immortals_brt.png	true	false	true
derpy_gg_rank_immortals_4_brt		The Knights Errant - Knight	faction	1	derpy_gg_immortals_brt.png	true	false	true
derpy_gg_rank_immortals_5_brt		The Knights Errant - Paladin	faction	1	derpy_gg_immortals_brt.png	true	false	true
derpy_gg_lead_immortals_brt		The Knights Errant - Foremost	faction	1	derpy_gg_immortals_brt.png	true	false	true
derpy_gg_rank_daemonsmiths_2_brt		The Grail Damsels - Yeoman	faction	1	derpy_gg_daemonsmiths_brt.png	true	false	true
derpy_gg_rank_daemonsmiths_3_brt		The Grail Damsels - Squire	faction	1	derpy_gg_daemonsmiths_brt.png	true	false	true
derpy_gg_rank_daemonsmiths_4_brt		The Grail Damsels - Knight	faction	1	derpy_gg_daemonsmiths_brt.png	true	false	true
derpy_gg_rank_daemonsmiths_5_brt		The Grail Damsels - Paladin	faction	1	derpy_gg_daemonsmiths_brt.png	true	false	true
derpy_gg_lead_daemonsmiths_brt		The Grail Damsels - Foremost	faction	1	derpy_gg_daemonsmiths_brt.png	true	false	true
derpy_gg_rank_khanate_2_brt		The Forest Outlaws - Yeoman	faction	1	derpy_gg_khanate_brt.png	true	false	true
derpy_gg_rank_khanate_3_brt		The Forest Outlaws - Squire	faction	1	derpy_gg_khanate_brt.png	true	false	true
derpy_gg_rank_khanate_4_brt		The Forest Outlaws - Knight	faction	1	derpy_gg_khanate_brt.png	true	false	true
derpy_gg_rank_khanate_5_brt		The Forest Outlaws - Paladin	faction	1	derpy_gg_khanate_brt.png	true	false	true
derpy_gg_lead_khanate_brt		The Forest Outlaws - Foremost	faction	1	derpy_gg_khanate_brt.png	true	false	true
derpy_gg_rank_overseers_2_brt		The Castle-Wrights - Yeoman	faction	1	derpy_gg_overseers_brt.png	true	false	true
derpy_gg_rank_overseers_3_brt		The Castle-Wrights - Squire	faction	1	derpy_gg_overseers_brt.png	true	false	true
derpy_gg_rank_overseers_4_brt		The Castle-Wrights - Knight	faction	1	derpy_gg_overseers_brt.png	true	false	true
derpy_gg_rank_overseers_5_brt		The Castle-Wrights - Paladin	faction	1	derpy_gg_overseers_brt.png	true	false	true
derpy_gg_lead_overseers_brt		The Castle-Wrights - Foremost	faction	1	derpy_gg_overseers_brt.png	true	false	true
derpy_gg_rank_slavers_2_brt		The Crusaders - Yeoman	faction	1	derpy_gg_slavers_brt.png	true	false	true
derpy_gg_rank_slavers_3_brt		The Crusaders - Squire	faction	1	derpy_gg_slavers_brt.png	true	false	true
derpy_gg_rank_slavers_4_brt		The Crusaders - Knight	faction	1	derpy_gg_slavers_brt.png	true	false	true
derpy_gg_rank_slavers_5_brt		The Crusaders - Paladin	faction	1	derpy_gg_slavers_brt.png	true	false	true
derpy_gg_lead_slavers_brt		The Crusaders - Foremost	faction	1	derpy_gg_slavers_brt.png	true	false	true
derpy_gg_svc_writ_monopoly_brt		Ducal Charter	faction	1	derpy_gg_brass_brt.png	true	false	true
derpy_gg_svc_long_ledger_brt		The Vintners' Accord	faction	1	derpy_gg_brass_brt.png	true	false	true
derpy_gg_svc_oathbound_draft_brt		Call the Banners	faction	1	derpy_gg_immortals_brt.png	true	false	true
derpy_gg_svc_astragoths_levy_brt		The King's Summons	faction	1	derpy_gg_immortals_brt.png	true	false	true
derpy_gg_svc_forge_rite_brt		Lessons of the Lady	faction	1	derpy_gg_daemonsmiths_brt.png	true	false	true
derpy_gg_svc_bound_ordnance_brt		Vision of the Grail	faction	1	derpy_gg_daemonsmiths_brt.png	true	false	true
derpy_gg_svc_knife_in_dark_brt		Arrows from Cover	faction	1	derpy_gg_khanate_brt.png	true	false	true
derpy_gg_svc_khans_price_brt		The Outlaws' Toll	faction	1	derpy_gg_khanate_brt.png	true	false	true
derpy_gg_svc_lash_the_gangs_brt		Feudal Labour	faction	1	derpy_gg_overseers_brt.png	true	false	true
derpy_gg_svc_works_of_zharr_brt		The Duke's Works	faction	1	derpy_gg_overseers_brt.png	true	false	true
derpy_gg_svc_coffle_drive_brt		Spoils of Crusade	faction	1	derpy_gg_slavers_brt.png	true	false	true
derpy_gg_svc_great_coffle_brt		The Errantry War	faction	1	derpy_gg_slavers_brt.png	true	false	true
derpy_gg_svc_alms_and_bribes_brt		Alms for the Grail Chapels	faction	1	derpy_gg_brass_brt.png	true	false	true
derpy_gg_svc_mercenary_contract_brt		Hired Men-at-Arms	faction	1	derpy_gg_brass_brt.png	true	false	true
derpy_gg_svc_guild_loan_brt		A Merchant's Loan	faction	1	derpy_gg_brass_brt.png	true	false	true
derpy_gg_svc_industry_charter_brt		Vintners' Charter	faction	1	derpy_gg_brass_brt.png	true	false	true
derpy_gg_svc_treasury_seal_brt		The Duke's Seal	faction	1	derpy_gg_brass_brt.png	true	false	true
derpy_gg_svc_bought_peace_brt		Feast Days	faction	1	derpy_gg_brass_brt.png	true	false	true
derpy_gg_svc_forced_march_brt		Ride Through the Night	force	1	derpy_gg_immortals_brt.png	true	false	true
derpy_gg_svc_drillmasters_brt		Squires' Training	faction	1	derpy_gg_immortals_brt.png	true	false	true
derpy_gg_svc_battle_standard_brt		The Lady's Pennant	force	1	derpy_gg_immortals_brt.png	true	false	true
derpy_gg_svc_field_surgeons_brt		Chapel Healers	force	1	derpy_gg_immortals_brt.png	true	false	true
derpy_gg_svc_veteran_cadre_brt		Knights of the Realm	faction	1	derpy_gg_immortals_brt.png	true	false	true
derpy_gg_svc_ward_runes_brt		The Lady's Grace	force	1	derpy_gg_daemonsmiths_brt.png	true	false	true
derpy_gg_svc_spirit_siphon_brt		Waters of the Grail	faction	1	derpy_gg_daemonsmiths_brt.png	true	false	true
derpy_gg_svc_forged_arms_brt		Castle Smiths	faction	1	derpy_gg_daemonsmiths_brt.png	true	false	true
derpy_gg_svc_master_gunners_brt		Trebuchet Masters	faction	1	derpy_gg_daemonsmiths_brt.png	true	false	true
derpy_gg_svc_great_work_brt		Wisdom of the Damsels	faction	1	derpy_gg_daemonsmiths_brt.png	true	false	true
derpy_gg_svc_arsenal_brt		Bowyers' Guild	faction	1	derpy_gg_daemonsmiths_brt.png	true	false	true
derpy_gg_svc_bribed_guards_brt		Paid Poachers	faction	1	derpy_gg_khanate_brt.png	true	false	true
derpy_gg_svc_blooded_agents_brt		Hardened Paladins	faction	1	derpy_gg_khanate_brt.png	true	false	true
derpy_gg_svc_sow_discord_brt		Outlaw Mischief	region	1	derpy_gg_khanate_brt.png	true	false	true
derpy_gg_svc_web_of_whispers_brt		Friends in the Greenwood	faction	1	derpy_gg_khanate_brt.png	true	false	true
derpy_gg_svc_poisoned_wells_brt		Blight the Fields	region	1	derpy_gg_khanate_brt.png	true	false	true
derpy_gg_svc_granaries_brt		Harvest Tithe	region	1	derpy_gg_overseers_brt.png	true	false	true
derpy_gg_svc_road_gangs_brt		The King's Roads	faction	1	derpy_gg_overseers_brt.png	true	false	true
derpy_gg_svc_enforcers_brt		The Sheriff's Men	region	1	derpy_gg_overseers_brt.png	true	false	true
derpy_gg_svc_fortify_brt		Raise the Palisades	region	1	derpy_gg_overseers_brt.png	true	false	true
derpy_gg_svc_master_builders_brt		Master Castle-Wrights	faction	1	derpy_gg_overseers_brt.png	true	false	true
derpy_gg_svc_public_works_brt		Grail Chapels	faction	1	derpy_gg_overseers_brt.png	true	false	true
derpy_gg_svc_raiding_parties_brt		Foraging Knights	faction	1	derpy_gg_slavers_brt.png	true	false	true
derpy_gg_svc_captive_markets_brt		Ransom of Nobles	faction	1	derpy_gg_slavers_brt.png	true	false	true
derpy_gg_svc_slave_levy_brt		Peasant Muster	faction	1	derpy_gg_slavers_brt.png	true	false	true
derpy_gg_svc_pit_fights_brt		The Joust	faction	1	derpy_gg_slavers_brt.png	true	false	true
derpy_gg_svc_great_hunt_brt		The Grand Crusade	faction	1	derpy_gg_slavers_brt.png	true	false	true
derpy_gg_svc_scorched_earth_brt		Salt the Earth	region	1	derpy_gg_slavers_brt.png	true	false	true
derpy_gg_svc_peasant_levies_brt		Peasant Levies	faction	1	derpy_gg_brass_brt.png	true	false	true
derpy_gg_rank_brass_2_cth		The Caravan Masters - Scholar	faction	1	derpy_gg_brass_cth.png	true	false	true
derpy_gg_rank_brass_3_cth		The Caravan Masters - Official	faction	1	derpy_gg_brass_cth.png	true	false	true
derpy_gg_rank_brass_4_cth		The Caravan Masters - Magistrate	faction	1	derpy_gg_brass_cth.png	true	false	true
derpy_gg_rank_brass_5_cth		The Caravan Masters - Minister	faction	1	derpy_gg_brass_cth.png	true	false	true
derpy_gg_lead_brass_cth		The Caravan Masters - Foremost	faction	1	derpy_gg_brass_cth.png	true	false	true
derpy_gg_rank_immortals_2_cth		The Dragon Guard - Scholar	faction	1	derpy_gg_immortals_cth.png	true	false	true
derpy_gg_rank_immortals_3_cth		The Dragon Guard - Official	faction	1	derpy_gg_immortals_cth.png	true	false	true
derpy_gg_rank_immortals_4_cth		The Dragon Guard - Magistrate	faction	1	derpy_gg_immortals_cth.png	true	false	true
derpy_gg_rank_immortals_5_cth		The Dragon Guard - Minister	faction	1	derpy_gg_immortals_cth.png	true	false	true
derpy_gg_lead_immortals_cth		The Dragon Guard - Foremost	faction	1	derpy_gg_immortals_cth.png	true	false	true
derpy_gg_rank_daemonsmiths_2_cth		The Imperial Academy - Scholar	faction	1	derpy_gg_daemonsmiths_cth.png	true	false	true
derpy_gg_rank_daemonsmiths_3_cth		The Imperial Academy - Official	faction	1	derpy_gg_daemonsmiths_cth.png	true	false	true
derpy_gg_rank_daemonsmiths_4_cth		The Imperial Academy - Magistrate	faction	1	derpy_gg_daemonsmiths_cth.png	true	false	true
derpy_gg_rank_daemonsmiths_5_cth		The Imperial Academy - Minister	faction	1	derpy_gg_daemonsmiths_cth.png	true	false	true
derpy_gg_lead_daemonsmiths_cth		The Imperial Academy - Foremost	faction	1	derpy_gg_daemonsmiths_cth.png	true	false	true
derpy_gg_rank_khanate_2_cth		The Crow Society - Scholar	faction	1	derpy_gg_khanate_cth.png	true	false	true
derpy_gg_rank_khanate_3_cth		The Crow Society - Official	faction	1	derpy_gg_khanate_cth.png	true	false	true
derpy_gg_rank_khanate_4_cth		The Crow Society - Magistrate	faction	1	derpy_gg_khanate_cth.png	true	false	true
derpy_gg_rank_khanate_5_cth		The Crow Society - Minister	faction	1	derpy_gg_khanate_cth.png	true	false	true
derpy_gg_lead_khanate_cth		The Crow Society - Foremost	faction	1	derpy_gg_khanate_cth.png	true	false	true
derpy_gg_rank_overseers_2_cth		The Bastion Builders - Scholar	faction	1	derpy_gg_overseers_cth.png	true	false	true
derpy_gg_rank_overseers_3_cth		The Bastion Builders - Official	faction	1	derpy_gg_overseers_cth.png	true	false	true
derpy_gg_rank_overseers_4_cth		The Bastion Builders - Magistrate	faction	1	derpy_gg_overseers_cth.png	true	false	true
derpy_gg_rank_overseers_5_cth		The Bastion Builders - Minister	faction	1	derpy_gg_overseers_cth.png	true	false	true
derpy_gg_lead_overseers_cth		The Bastion Builders - Foremost	faction	1	derpy_gg_overseers_cth.png	true	false	true
derpy_gg_rank_slavers_2_cth		The Punitive Host - Scholar	faction	1	derpy_gg_slavers_cth.png	true	false	true
derpy_gg_rank_slavers_3_cth		The Punitive Host - Official	faction	1	derpy_gg_slavers_cth.png	true	false	true
derpy_gg_rank_slavers_4_cth		The Punitive Host - Magistrate	faction	1	derpy_gg_slavers_cth.png	true	false	true
derpy_gg_rank_slavers_5_cth		The Punitive Host - Minister	faction	1	derpy_gg_slavers_cth.png	true	false	true
derpy_gg_lead_slavers_cth		The Punitive Host - Foremost	faction	1	derpy_gg_slavers_cth.png	true	false	true
derpy_gg_svc_writ_monopoly_cth		Seal of Trade	faction	1	derpy_gg_brass_cth.png	true	false	true
derpy_gg_svc_long_ledger_cth		The Ivory Road	faction	1	derpy_gg_brass_cth.png	true	false	true
derpy_gg_svc_oathbound_draft_cth		Fresh Levies	faction	1	derpy_gg_immortals_cth.png	true	false	true
derpy_gg_svc_astragoths_levy_cth		The Emperor's Mandate	faction	1	derpy_gg_immortals_cth.png	true	false	true
derpy_gg_svc_forge_rite_cth		Hall of Scholars	faction	1	derpy_gg_daemonsmiths_cth.png	true	false	true
derpy_gg_svc_bound_ordnance_cth		The Celestial Charts	faction	1	derpy_gg_daemonsmiths_cth.png	true	false	true
derpy_gg_svc_knife_in_dark_cth		A Quiet Poison	faction	1	derpy_gg_khanate_cth.png	true	false	true
derpy_gg_svc_khans_price_cth		Sow Disharmony	faction	1	derpy_gg_khanate_cth.png	true	false	true
derpy_gg_svc_lash_the_gangs_cth		Conscript Labour	faction	1	derpy_gg_overseers_cth.png	true	false	true
derpy_gg_svc_works_of_zharr_cth		Works of the Bastion	faction	1	derpy_gg_overseers_cth.png	true	false	true
derpy_gg_svc_coffle_drive_cth		Punitive Raids	faction	1	derpy_gg_slavers_cth.png	true	false	true
derpy_gg_svc_great_coffle_cth		The Great Expedition	faction	1	derpy_gg_slavers_cth.png	true	false	true
derpy_gg_svc_alms_and_bribes_cth		Temple Offerings	faction	1	derpy_gg_brass_cth.png	true	false	true
derpy_gg_svc_mercenary_contract_cth		Bought Levies	faction	1	derpy_gg_brass_cth.png	true	false	true
derpy_gg_svc_guild_loan_cth		Jade Loan	faction	1	derpy_gg_brass_cth.png	true	false	true
derpy_gg_svc_industry_charter_cth		Workshop Mandate	faction	1	derpy_gg_brass_cth.png	true	false	true
derpy_gg_svc_treasury_seal_cth		The Celestial Seal	faction	1	derpy_gg_brass_cth.png	true	false	true
derpy_gg_svc_bought_peace_cth		Festival of Lanterns	faction	1	derpy_gg_brass_cth.png	true	false	true
derpy_gg_svc_forced_march_cth		Swift Columns	force	1	derpy_gg_immortals_cth.png	true	false	true
derpy_gg_svc_drillmasters_cth		Drill Masters	faction	1	derpy_gg_immortals_cth.png	true	false	true
derpy_gg_svc_battle_standard_cth		Dragon Banner	force	1	derpy_gg_immortals_cth.png	true	false	true
derpy_gg_svc_field_surgeons_cth		Jade Physicians	force	1	derpy_gg_immortals_cth.png	true	false	true
derpy_gg_svc_veteran_cadre_cth		Veteran Officers	faction	1	derpy_gg_immortals_cth.png	true	false	true
derpy_gg_svc_ward_runes_cth		Jade Wards	force	1	derpy_gg_daemonsmiths_cth.png	true	false	true
derpy_gg_svc_spirit_siphon_cth		Wind Channelling	faction	1	derpy_gg_daemonsmiths_cth.png	true	false	true
derpy_gg_svc_forged_arms_cth		Celestial Steel	faction	1	derpy_gg_daemonsmiths_cth.png	true	false	true
derpy_gg_svc_master_gunners_cth		Master Gunners	faction	1	derpy_gg_daemonsmiths_cth.png	true	false	true
derpy_gg_svc_great_work_cth		The Academy's Treatise	faction	1	derpy_gg_daemonsmiths_cth.png	true	false	true
derpy_gg_svc_arsenal_cth		Imperial Arsenal	faction	1	derpy_gg_daemonsmiths_cth.png	true	false	true
derpy_gg_svc_bribed_guards_cth		Paid Informers	faction	1	derpy_gg_khanate_cth.png	true	false	true
derpy_gg_svc_blooded_agents_cth		Seasoned Agents	faction	1	derpy_gg_khanate_cth.png	true	false	true
derpy_gg_svc_sow_discord_cth		Whispered Slanders	region	1	derpy_gg_khanate_cth.png	true	false	true
derpy_gg_svc_web_of_whispers_cth		A Thousand Crows	faction	1	derpy_gg_khanate_cth.png	true	false	true
derpy_gg_svc_poisoned_wells_cth		Poisoned Wells	region	1	derpy_gg_khanate_cth.png	true	false	true
derpy_gg_svc_granaries_cth		Rice Stores	region	1	derpy_gg_overseers_cth.png	true	false	true
derpy_gg_svc_road_gangs_cth		Ivory Road Wardens	faction	1	derpy_gg_overseers_cth.png	true	false	true
derpy_gg_svc_enforcers_cth		Magistrates	region	1	derpy_gg_overseers_cth.png	true	false	true
derpy_gg_svc_fortify_cth		Raise the Ramparts	region	1	derpy_gg_overseers_cth.png	true	false	true
derpy_gg_svc_master_builders_cth		Master Builders	faction	1	derpy_gg_overseers_cth.png	true	false	true
derpy_gg_svc_public_works_cth		Temples and Canals	faction	1	derpy_gg_overseers_cth.png	true	false	true
derpy_gg_svc_raiding_parties_cth		Foraging Columns	faction	1	derpy_gg_slavers_cth.png	true	false	true
derpy_gg_svc_captive_markets_cth		Tribute of the Defeated	faction	1	derpy_gg_slavers_cth.png	true	false	true
derpy_gg_svc_slave_levy_cth		Conscription	faction	1	derpy_gg_slavers_cth.png	true	false	true
derpy_gg_svc_pit_fights_cth		Martial Trials	faction	1	derpy_gg_slavers_cth.png	true	false	true
derpy_gg_svc_great_hunt_cth		The Long Pursuit	faction	1	derpy_gg_slavers_cth.png	true	false	true
derpy_gg_svc_scorched_earth_cth		Scorched Earth	region	1	derpy_gg_slavers_cth.png	true	false	true
derpy_gg_svc_mandate_of_heaven_cth		Mandate of Heaven	faction	1	derpy_gg_overseers_cth.png	true	false	true
derpy_gg_rank_brass_2_ksl		The Erengrad Merchants - Kossar	faction	1	derpy_gg_brass_ksl.png	true	false	true
derpy_gg_rank_brass_3_ksl		The Erengrad Merchants - Druzhina	faction	1	derpy_gg_brass_ksl.png	true	false	true
derpy_gg_rank_brass_4_ksl		The Erengrad Merchants - Boyar	faction	1	derpy_gg_brass_ksl.png	true	false	true
derpy_gg_rank_brass_5_ksl		The Erengrad Merchants - Ataman	faction	1	derpy_gg_brass_ksl.png	true	false	true
derpy_gg_lead_brass_ksl		The Erengrad Merchants - Foremost	faction	1	derpy_gg_brass_ksl.png	true	false	true
derpy_gg_rank_immortals_2_ksl		The Tzar Guard - Kossar	faction	1	derpy_gg_immortals_ksl.png	true	false	true
derpy_gg_rank_immortals_3_ksl		The Tzar Guard - Druzhina	faction	1	derpy_gg_immortals_ksl.png	true	false	true
derpy_gg_rank_immortals_4_ksl		The Tzar Guard - Boyar	faction	1	derpy_gg_immortals_ksl.png	true	false	true
derpy_gg_rank_immortals_5_ksl		The Tzar Guard - Ataman	faction	1	derpy_gg_immortals_ksl.png	true	false	true
derpy_gg_lead_immortals_ksl		The Tzar Guard - Foremost	faction	1	derpy_gg_immortals_ksl.png	true	false	true
derpy_gg_rank_daemonsmiths_2_ksl		The Ice Court - Kossar	faction	1	derpy_gg_daemonsmiths_ksl.png	true	false	true
derpy_gg_rank_daemonsmiths_3_ksl		The Ice Court - Druzhina	faction	1	derpy_gg_daemonsmiths_ksl.png	true	false	true
derpy_gg_rank_daemonsmiths_4_ksl		The Ice Court - Boyar	faction	1	derpy_gg_daemonsmiths_ksl.png	true	false	true
derpy_gg_rank_daemonsmiths_5_ksl		The Ice Court - Ataman	faction	1	derpy_gg_daemonsmiths_ksl.png	true	false	true
derpy_gg_lead_daemonsmiths_ksl		The Ice Court - Foremost	faction	1	derpy_gg_daemonsmiths_ksl.png	true	false	true
derpy_gg_rank_khanate_2_ksl		The Oblast Smugglers - Kossar	faction	1	derpy_gg_khanate_ksl.png	true	false	true
derpy_gg_rank_khanate_3_ksl		The Oblast Smugglers - Druzhina	faction	1	derpy_gg_khanate_ksl.png	true	false	true
derpy_gg_rank_khanate_4_ksl		The Oblast Smugglers - Boyar	faction	1	derpy_gg_khanate_ksl.png	true	false	true
derpy_gg_rank_khanate_5_ksl		The Oblast Smugglers - Ataman	faction	1	derpy_gg_khanate_ksl.png	true	false	true
derpy_gg_lead_khanate_ksl		The Oblast Smugglers - Foremost	faction	1	derpy_gg_khanate_ksl.png	true	false	true
derpy_gg_rank_overseers_2_ksl		The Stanitsa Builders - Kossar	faction	1	derpy_gg_overseers_ksl.png	true	false	true
derpy_gg_rank_overseers_3_ksl		The Stanitsa Builders - Druzhina	faction	1	derpy_gg_overseers_ksl.png	true	false	true
derpy_gg_rank_overseers_4_ksl		The Stanitsa Builders - Boyar	faction	1	derpy_gg_overseers_ksl.png	true	false	true
derpy_gg_rank_overseers_5_ksl		The Stanitsa Builders - Ataman	faction	1	derpy_gg_overseers_ksl.png	true	false	true
derpy_gg_lead_overseers_ksl		The Stanitsa Builders - Foremost	faction	1	derpy_gg_overseers_ksl.png	true	false	true
derpy_gg_rank_slavers_2_ksl		The Ungol Raiders - Kossar	faction	1	derpy_gg_slavers_ksl.png	true	false	true
derpy_gg_rank_slavers_3_ksl		The Ungol Raiders - Druzhina	faction	1	derpy_gg_slavers_ksl.png	true	false	true
derpy_gg_rank_slavers_4_ksl		The Ungol Raiders - Boyar	faction	1	derpy_gg_slavers_ksl.png	true	false	true
derpy_gg_rank_slavers_5_ksl		The Ungol Raiders - Ataman	faction	1	derpy_gg_slavers_ksl.png	true	false	true
derpy_gg_lead_slavers_ksl		The Ungol Raiders - Foremost	faction	1	derpy_gg_slavers_ksl.png	true	false	true
derpy_gg_svc_writ_monopoly_ksl		Tzarina's Charter	faction	1	derpy_gg_brass_ksl.png	true	false	true
derpy_gg_svc_long_ledger_ksl		The Erengrad Exchange	faction	1	derpy_gg_brass_ksl.png	true	false	true
derpy_gg_svc_oathbound_draft_ksl		Call the Druzhina	faction	1	derpy_gg_immortals_ksl.png	true	false	true
derpy_gg_svc_astragoths_levy_ksl		The Tzarina's Levy	faction	1	derpy_gg_immortals_ksl.png	true	false	true
derpy_gg_svc_forge_rite_ksl		Winter Lessons	faction	1	derpy_gg_daemonsmiths_ksl.png	true	false	true
derpy_gg_svc_bound_ordnance_ksl		The Ice Queen's Favour	faction	1	derpy_gg_daemonsmiths_ksl.png	true	false	true
derpy_gg_svc_knife_in_dark_ksl		A Knife in the Snow	faction	1	derpy_gg_khanate_ksl.png	true	false	true
derpy_gg_svc_khans_price_ksl		Sabotage the Sledges	faction	1	derpy_gg_khanate_ksl.png	true	false	true
derpy_gg_svc_lash_the_gangs_ksl		Before the Thaw	faction	1	derpy_gg_overseers_ksl.png	true	false	true
derpy_gg_svc_works_of_zharr_ksl		Walls Against Chaos	faction	1	derpy_gg_overseers_ksl.png	true	false	true
derpy_gg_svc_coffle_drive_ksl		Steppe Plunder	faction	1	derpy_gg_slavers_ksl.png	true	false	true
derpy_gg_svc_great_coffle_ksl		The Long Raid	faction	1	derpy_gg_slavers_ksl.png	true	false	true
derpy_gg_svc_alms_and_bribes_ksl		Offerings to the Gods	faction	1	derpy_gg_brass_ksl.png	true	false	true
derpy_gg_svc_mercenary_contract_ksl		Hired Kossars	faction	1	derpy_gg_brass_ksl.png	true	false	true
derpy_gg_svc_guild_loan_ksl		An Erengrad Loan	faction	1	derpy_gg_brass_ksl.png	true	false	true
derpy_gg_svc_industry_charter_ksl		Workshop Charter	faction	1	derpy_gg_brass_ksl.png	true	false	true
derpy_gg_svc_treasury_seal_ksl		The Tzarina's Seal	faction	1	derpy_gg_brass_ksl.png	true	false	true
derpy_gg_svc_bought_peace_ksl		Kvas for the People	faction	1	derpy_gg_brass_ksl.png	true	false	true
derpy_gg_svc_forced_march_ksl		Sledge March	force	1	derpy_gg_immortals_ksl.png	true	false	true
derpy_gg_svc_drillmasters_ksl		Kossar Drill	faction	1	derpy_gg_immortals_ksl.png	true	false	true
derpy_gg_svc_battle_standard_ksl		The Bear Standard	force	1	derpy_gg_immortals_ksl.png	true	false	true
derpy_gg_svc_field_surgeons_ksl		Village Healers	force	1	derpy_gg_immortals_ksl.png	true	false	true
derpy_gg_svc_veteran_cadre_ksl		Veteran Streltsi	faction	1	derpy_gg_immortals_ksl.png	true	false	true
derpy_gg_svc_ward_runes_ksl		Frost Wards	force	1	derpy_gg_daemonsmiths_ksl.png	true	false	true
derpy_gg_svc_spirit_siphon_ksl		Draw on the Ice	faction	1	derpy_gg_daemonsmiths_ksl.png	true	false	true
derpy_gg_svc_forged_arms_ksl		Frost-Tempered Steel	faction	1	derpy_gg_daemonsmiths_ksl.png	true	false	true
derpy_gg_svc_master_gunners_ksl		Master Gunners	faction	1	derpy_gg_daemonsmiths_ksl.png	true	false	true
derpy_gg_svc_great_work_ksl		The Frost Maiden's Lore	faction	1	derpy_gg_daemonsmiths_ksl.png	true	false	true
derpy_gg_svc_arsenal_ksl		Streltsi Armoury	faction	1	derpy_gg_daemonsmiths_ksl.png	true	false	true
derpy_gg_svc_bribed_guards_ksl		Paid Border Guards	faction	1	derpy_gg_khanate_ksl.png	true	false	true
derpy_gg_svc_blooded_agents_ksl		Hardened Agents	faction	1	derpy_gg_khanate_ksl.png	true	false	true
derpy_gg_svc_sow_discord_ksl		Stir the Oblast	region	1	derpy_gg_khanate_ksl.png	true	false	true
derpy_gg_svc_web_of_whispers_ksl		Every Road North	faction	1	derpy_gg_khanate_ksl.png	true	false	true
derpy_gg_svc_poisoned_wells_ksl		Frozen Wells	region	1	derpy_gg_khanate_ksl.png	true	false	true
derpy_gg_svc_granaries_ksl		Winter Stores	region	1	derpy_gg_overseers_ksl.png	true	false	true
derpy_gg_svc_road_gangs_ksl		Sledge Roads	faction	1	derpy_gg_overseers_ksl.png	true	false	true
derpy_gg_svc_enforcers_ksl		The Tzar's Wardens	region	1	derpy_gg_overseers_ksl.png	true	false	true
derpy_gg_svc_fortify_ksl		Ice Walls	region	1	derpy_gg_overseers_ksl.png	true	false	true
derpy_gg_svc_master_builders_ksl		Master Builders	faction	1	derpy_gg_overseers_ksl.png	true	false	true
derpy_gg_svc_public_works_ksl		Stanitsa Works	faction	1	derpy_gg_overseers_ksl.png	true	false	true
derpy_gg_svc_raiding_parties_ksl		Steppe Riders	faction	1	derpy_gg_slavers_ksl.png	true	false	true
derpy_gg_svc_captive_markets_ksl		Ransom Market	faction	1	derpy_gg_slavers_ksl.png	true	false	true
derpy_gg_svc_slave_levy_ksl		Village Muster	faction	1	derpy_gg_slavers_ksl.png	true	false	true
derpy_gg_svc_pit_fights_ksl		Bear Pits	faction	1	derpy_gg_slavers_ksl.png	true	false	true
derpy_gg_svc_great_hunt_ksl		The Great Ride	faction	1	derpy_gg_slavers_ksl.png	true	false	true
derpy_gg_svc_scorched_earth_ksl		Scorch the Steppe	region	1	derpy_gg_slavers_ksl.png	true	false	true
derpy_gg_rank_brass_2_def		The Karond Kar Traders - Corsair	faction	1	derpy_gg_brass_def.png	true	false	true
derpy_gg_rank_brass_3_def		The Karond Kar Traders - Highborn	faction	1	derpy_gg_brass_def.png	true	false	true
derpy_gg_rank_brass_4_def		The Karond Kar Traders - Dreadlord	faction	1	derpy_gg_brass_def.png	true	false	true
derpy_gg_rank_brass_5_def		The Karond Kar Traders - Tyrant	faction	1	derpy_gg_brass_def.png	true	false	true
derpy_gg_lead_brass_def		The Karond Kar Traders - Foremost	faction	1	derpy_gg_brass_def.png	true	false	true
derpy_gg_rank_immortals_2_def		The Black Guard - Corsair	faction	1	derpy_gg_immortals_def.png	true	false	true
derpy_gg_rank_immortals_3_def		The Black Guard - Highborn	faction	1	derpy_gg_immortals_def.png	true	false	true
derpy_gg_rank_immortals_4_def		The Black Guard - Dreadlord	faction	1	derpy_gg_immortals_def.png	true	false	true
derpy_gg_rank_immortals_5_def		The Black Guard - Tyrant	faction	1	derpy_gg_immortals_def.png	true	false	true
derpy_gg_lead_immortals_def		The Black Guard - Foremost	faction	1	derpy_gg_immortals_def.png	true	false	true
derpy_gg_rank_daemonsmiths_2_def		The Convent of Ghrond - Corsair	faction	1	derpy_gg_daemonsmiths_def.png	true	false	true
derpy_gg_rank_daemonsmiths_3_def		The Convent of Ghrond - Highborn	faction	1	derpy_gg_daemonsmiths_def.png	true	false	true
derpy_gg_rank_daemonsmiths_4_def		The Convent of Ghrond - Dreadlord	faction	1	derpy_gg_daemonsmiths_def.png	true	false	true
derpy_gg_rank_daemonsmiths_5_def		The Convent of Ghrond - Tyrant	faction	1	derpy_gg_daemonsmiths_def.png	true	false	true
derpy_gg_lead_daemonsmiths_def		The Convent of Ghrond - Foremost	faction	1	derpy_gg_daemonsmiths_def.png	true	false	true
derpy_gg_rank_khanate_2_def		The Khainite Assassins - Corsair	faction	1	derpy_gg_khanate_def.png	true	false	true
derpy_gg_rank_khanate_3_def		The Khainite Assassins - Highborn	faction	1	derpy_gg_khanate_def.png	true	false	true
derpy_gg_rank_khanate_4_def		The Khainite Assassins - Dreadlord	faction	1	derpy_gg_khanate_def.png	true	false	true
derpy_gg_rank_khanate_5_def		The Khainite Assassins - Tyrant	faction	1	derpy_gg_khanate_def.png	true	false	true
derpy_gg_lead_khanate_def		The Khainite Assassins - Foremost	faction	1	derpy_gg_khanate_def.png	true	false	true
derpy_gg_rank_overseers_2_def		The Naggarond Builders - Corsair	faction	1	derpy_gg_overseers_def.png	true	false	true
derpy_gg_rank_overseers_3_def		The Naggarond Builders - Highborn	faction	1	derpy_gg_overseers_def.png	true	false	true
derpy_gg_rank_overseers_4_def		The Naggarond Builders - Dreadlord	faction	1	derpy_gg_overseers_def.png	true	false	true
derpy_gg_rank_overseers_5_def		The Naggarond Builders - Tyrant	faction	1	derpy_gg_overseers_def.png	true	false	true
derpy_gg_lead_overseers_def		The Naggarond Builders - Foremost	faction	1	derpy_gg_overseers_def.png	true	false	true
derpy_gg_rank_slavers_2_def		The Black Ark Corsairs - Corsair	faction	1	derpy_gg_slavers_def.png	true	false	true
derpy_gg_rank_slavers_3_def		The Black Ark Corsairs - Highborn	faction	1	derpy_gg_slavers_def.png	true	false	true
derpy_gg_rank_slavers_4_def		The Black Ark Corsairs - Dreadlord	faction	1	derpy_gg_slavers_def.png	true	false	true
derpy_gg_rank_slavers_5_def		The Black Ark Corsairs - Tyrant	faction	1	derpy_gg_slavers_def.png	true	false	true
derpy_gg_lead_slavers_def		The Black Ark Corsairs - Foremost	faction	1	derpy_gg_slavers_def.png	true	false	true
derpy_gg_svc_writ_monopoly_def		The Witch King's Seal	faction	1	derpy_gg_brass_def.png	true	false	true
derpy_gg_svc_long_ledger_def		The Karond Kar Ledger	faction	1	derpy_gg_brass_def.png	true	false	true
derpy_gg_svc_oathbound_draft_def		Call the Dreadspears	faction	1	derpy_gg_immortals_def.png	true	false	true
derpy_gg_svc_astragoths_levy_def		Malekith's Summons	faction	1	derpy_gg_immortals_def.png	true	false	true
derpy_gg_svc_forge_rite_def		Rites of the Convent	faction	1	derpy_gg_daemonsmiths_def.png	true	false	true
derpy_gg_svc_bound_ordnance_def		Morathi's Favour	faction	1	derpy_gg_daemonsmiths_def.png	true	false	true
derpy_gg_svc_knife_in_dark_def		A Knife for Khaine	faction	1	derpy_gg_khanate_def.png	true	false	true
derpy_gg_svc_khans_price_def		The Assassins' Price	faction	1	derpy_gg_khanate_def.png	true	false	true
derpy_gg_svc_lash_the_gangs_def		Drive the Thralls	faction	1	derpy_gg_overseers_def.png	true	false	true
derpy_gg_svc_works_of_zharr_def		Works of Naggarond	faction	1	derpy_gg_overseers_def.png	true	false	true
derpy_gg_svc_coffle_drive_def		Corsair Raids	faction	1	derpy_gg_slavers_def.png	true	false	true
derpy_gg_svc_great_coffle_def		The Black Ark Raid	faction	1	derpy_gg_slavers_def.png	true	false	true
derpy_gg_svc_alms_and_bribes_def		Tithes to Khaine	faction	1	derpy_gg_brass_def.png	true	false	true
derpy_gg_svc_mercenary_contract_def		Bought Blades	faction	1	derpy_gg_brass_def.png	true	false	true
derpy_gg_svc_guild_loan_def		A Corsair's Loan	faction	1	derpy_gg_brass_def.png	true	false	true
derpy_gg_svc_industry_charter_def		Forge Charter	faction	1	derpy_gg_brass_def.png	true	false	true
derpy_gg_svc_treasury_seal_def		The Drachau's Seal	faction	1	derpy_gg_brass_def.png	true	false	true
derpy_gg_svc_bought_peace_def		Public Executions	faction	1	derpy_gg_brass_def.png	true	false	true
derpy_gg_svc_forced_march_def		Driven March	force	1	derpy_gg_immortals_def.png	true	false	true
derpy_gg_svc_drillmasters_def		Black Guard Drill	faction	1	derpy_gg_immortals_def.png	true	false	true
derpy_gg_svc_battle_standard_def		The Dread Banner	force	1	derpy_gg_immortals_def.png	true	false	true
derpy_gg_svc_field_surgeons_def		Flesh-Stitchers	force	1	derpy_gg_immortals_def.png	true	false	true
derpy_gg_svc_veteran_cadre_def		Blooded Veterans	faction	1	derpy_gg_immortals_def.png	true	false	true
derpy_gg_svc_ward_runes_def		Dark Wards	force	1	derpy_gg_daemonsmiths_def.png	true	false	true
derpy_gg_svc_spirit_siphon_def		Drain the Winds	faction	1	derpy_gg_daemonsmiths_def.png	true	false	true
derpy_gg_svc_forged_arms_def		Har Ganeth Steel	faction	1	derpy_gg_daemonsmiths_def.png	true	false	true
derpy_gg_svc_master_gunners_def		Reaper Crews	faction	1	derpy_gg_daemonsmiths_def.png	true	false	true
derpy_gg_svc_great_work_def		Hag Graef's Masterwork	faction	1	derpy_gg_daemonsmiths_def.png	true	false	true
derpy_gg_svc_arsenal_def		The Black Armoury	faction	1	derpy_gg_daemonsmiths_def.png	true	false	true
derpy_gg_svc_bribed_guards_def		Paid Traitors	faction	1	derpy_gg_khanate_def.png	true	false	true
derpy_gg_svc_blooded_agents_def		Blooded Assassins	faction	1	derpy_gg_khanate_def.png	true	false	true
derpy_gg_svc_sow_discord_def		Seeds of Betrayal	region	1	derpy_gg_khanate_def.png	true	false	true
derpy_gg_svc_web_of_whispers_def		Knives Everywhere	faction	1	derpy_gg_khanate_def.png	true	false	true
derpy_gg_svc_poisoned_wells_def		Poisoned Wells	region	1	derpy_gg_khanate_def.png	true	false	true
derpy_gg_svc_granaries_def		Thrall Rations	region	1	derpy_gg_overseers_def.png	true	false	true
derpy_gg_svc_road_gangs_def		Thrall Roads	faction	1	derpy_gg_overseers_def.png	true	false	true
derpy_gg_svc_enforcers_def		Dreadspear Patrols	region	1	derpy_gg_overseers_def.png	true	false	true
derpy_gg_svc_fortify_def		Raise the Spikes	region	1	derpy_gg_overseers_def.png	true	false	true
derpy_gg_svc_master_builders_def		Master Builders	faction	1	derpy_gg_overseers_def.png	true	false	true
derpy_gg_svc_public_works_def		Towers of Naggarond	faction	1	derpy_gg_overseers_def.png	true	false	true
derpy_gg_svc_raiding_parties_def		Dark Rider Raids	faction	1	derpy_gg_slavers_def.png	true	false	true
derpy_gg_svc_captive_markets_def		Thrall Markets	faction	1	derpy_gg_slavers_def.png	true	false	true
derpy_gg_svc_slave_levy_def		Thrall Levy	faction	1	derpy_gg_slavers_def.png	true	false	true
derpy_gg_svc_pit_fights_def		Arena of Khaine	faction	1	derpy_gg_slavers_def.png	true	false	true
derpy_gg_svc_great_hunt_def		The Great Harvest	faction	1	derpy_gg_slavers_def.png	true	false	true
derpy_gg_svc_scorched_earth_def		Leave Nothing Standing	region	1	derpy_gg_slavers_def.png	true	false	true
derpy_gg_svc_black_ark_tithe_def		Black Ark Tithe	faction	1	derpy_gg_slavers_def.png	true	false	true
derpy_gg_rank_brass_2_hef		The Lothern Merchants - Warden	faction	1	derpy_gg_brass_hef.png	true	false	true
derpy_gg_rank_brass_3_hef		The Lothern Merchants - Noble	faction	1	derpy_gg_brass_hef.png	true	false	true
derpy_gg_rank_brass_4_hef		The Lothern Merchants - Prince	faction	1	derpy_gg_brass_hef.png	true	false	true
derpy_gg_rank_brass_5_hef		The Lothern Merchants - Regent	faction	1	derpy_gg_brass_hef.png	true	false	true
derpy_gg_lead_brass_hef		The Lothern Merchants - Foremost	faction	1	derpy_gg_brass_hef.png	true	false	true
derpy_gg_rank_immortals_2_hef		The Swordmasters - Warden	faction	1	derpy_gg_immortals_hef.png	true	false	true
derpy_gg_rank_immortals_3_hef		The Swordmasters - Noble	faction	1	derpy_gg_immortals_hef.png	true	false	true
derpy_gg_rank_immortals_4_hef		The Swordmasters - Prince	faction	1	derpy_gg_immortals_hef.png	true	false	true
derpy_gg_rank_immortals_5_hef		The Swordmasters - Regent	faction	1	derpy_gg_immortals_hef.png	true	false	true
derpy_gg_lead_immortals_hef		The Swordmasters - Foremost	faction	1	derpy_gg_immortals_hef.png	true	false	true
derpy_gg_rank_daemonsmiths_2_hef		The Loremasters - Warden	faction	1	derpy_gg_daemonsmiths_hef.png	true	false	true
derpy_gg_rank_daemonsmiths_3_hef		The Loremasters - Noble	faction	1	derpy_gg_daemonsmiths_hef.png	true	false	true
derpy_gg_rank_daemonsmiths_4_hef		The Loremasters - Prince	faction	1	derpy_gg_daemonsmiths_hef.png	true	false	true
derpy_gg_rank_daemonsmiths_5_hef		The Loremasters - Regent	faction	1	derpy_gg_daemonsmiths_hef.png	true	false	true
derpy_gg_lead_daemonsmiths_hef		The Loremasters - Foremost	faction	1	derpy_gg_daemonsmiths_hef.png	true	false	true
derpy_gg_rank_khanate_2_hef		The Shadow Warriors - Warden	faction	1	derpy_gg_khanate_hef.png	true	false	true
derpy_gg_rank_khanate_3_hef		The Shadow Warriors - Noble	faction	1	derpy_gg_khanate_hef.png	true	false	true
derpy_gg_rank_khanate_4_hef		The Shadow Warriors - Prince	faction	1	derpy_gg_khanate_hef.png	true	false	true
derpy_gg_rank_khanate_5_hef		The Shadow Warriors - Regent	faction	1	derpy_gg_khanate_hef.png	true	false	true
derpy_gg_lead_khanate_hef		The Shadow Warriors - Foremost	faction	1	derpy_gg_khanate_hef.png	true	false	true
derpy_gg_rank_overseers_2_hef		The Ulthuan Masons - Warden	faction	1	derpy_gg_overseers_hef.png	true	false	true
derpy_gg_rank_overseers_3_hef		The Ulthuan Masons - Noble	faction	1	derpy_gg_overseers_hef.png	true	false	true
derpy_gg_rank_overseers_4_hef		The Ulthuan Masons - Prince	faction	1	derpy_gg_overseers_hef.png	true	false	true
derpy_gg_rank_overseers_5_hef		The Ulthuan Masons - Regent	faction	1	derpy_gg_overseers_hef.png	true	false	true
derpy_gg_lead_overseers_hef		The Ulthuan Masons - Foremost	faction	1	derpy_gg_overseers_hef.png	true	false	true
derpy_gg_rank_slavers_2_hef		The Ellyrian Reavers - Warden	faction	1	derpy_gg_slavers_hef.png	true	false	true
derpy_gg_rank_slavers_3_hef		The Ellyrian Reavers - Noble	faction	1	derpy_gg_slavers_hef.png	true	false	true
derpy_gg_rank_slavers_4_hef		The Ellyrian Reavers - Prince	faction	1	derpy_gg_slavers_hef.png	true	false	true
derpy_gg_rank_slavers_5_hef		The Ellyrian Reavers - Regent	faction	1	derpy_gg_slavers_hef.png	true	false	true
derpy_gg_lead_slavers_hef		The Ellyrian Reavers - Foremost	faction	1	derpy_gg_slavers_hef.png	true	false	true
derpy_gg_svc_writ_monopoly_hef		The Phoenix Charter	faction	1	derpy_gg_brass_hef.png	true	false	true
derpy_gg_svc_long_ledger_hef		The Sea Lanes	faction	1	derpy_gg_brass_hef.png	true	false	true
derpy_gg_svc_oathbound_draft_hef		Call the Citizen Levy	faction	1	derpy_gg_immortals_hef.png	true	false	true
derpy_gg_svc_astragoths_levy_hef		Summons of the Throne	faction	1	derpy_gg_immortals_hef.png	true	false	true
derpy_gg_svc_forge_rite_hef		Lessons of Hoeth	faction	1	derpy_gg_daemonsmiths_hef.png	true	false	true
derpy_gg_svc_bound_ordnance_hef		The Loremasters' Gift	faction	1	derpy_gg_daemonsmiths_hef.png	true	false	true
derpy_gg_svc_knife_in_dark_hef		An Arrow from Shadow	faction	1	derpy_gg_khanate_hef.png	true	false	true
derpy_gg_svc_khans_price_hef		Whispers at Court	faction	1	derpy_gg_khanate_hef.png	true	false	true
derpy_gg_svc_lash_the_gangs_hef		Citizen Labour	faction	1	derpy_gg_overseers_hef.png	true	false	true
derpy_gg_svc_works_of_zharr_hef		Works of Ulthuan	faction	1	derpy_gg_overseers_hef.png	true	false	true
derpy_gg_svc_coffle_drive_hef		Reaver Raids	faction	1	derpy_gg_slavers_hef.png	true	false	true
derpy_gg_svc_great_coffle_hef		Ulthuan's Vengeance	faction	1	derpy_gg_slavers_hef.png	true	false	true
derpy_gg_svc_alms_and_bribes_hef		Offerings to Asuryan	faction	1	derpy_gg_brass_hef.png	true	false	true
derpy_gg_svc_mercenary_contract_hef		Hired Sea Guard	faction	1	derpy_gg_brass_hef.png	true	false	true
derpy_gg_svc_guild_loan_hef		A Lothern Loan	faction	1	derpy_gg_brass_hef.png	true	false	true
derpy_gg_svc_industry_charter_hef		Artisans' Charter	faction	1	derpy_gg_brass_hef.png	true	false	true
derpy_gg_svc_treasury_seal_hef		The Phoenix Seal	faction	1	derpy_gg_brass_hef.png	true	false	true
derpy_gg_svc_bought_peace_hef		Festivals of Ulthuan	faction	1	derpy_gg_brass_hef.png	true	false	true
derpy_gg_svc_forced_march_hef		Swift March	force	1	derpy_gg_immortals_hef.png	true	false	true
derpy_gg_svc_drillmasters_hef		Citizen Drill	faction	1	derpy_gg_immortals_hef.png	true	false	true
derpy_gg_svc_battle_standard_hef		The Phoenix Banner	force	1	derpy_gg_immortals_hef.png	true	false	true
derpy_gg_svc_field_surgeons_hef		Healers of Isha	force	1	derpy_gg_immortals_hef.png	true	false	true
derpy_gg_svc_veteran_cadre_hef		Veteran Wardens	faction	1	derpy_gg_immortals_hef.png	true	false	true
derpy_gg_svc_ward_runes_hef		Wards of Hoeth	force	1	derpy_gg_daemonsmiths_hef.png	true	false	true
derpy_gg_svc_spirit_siphon_hef		The Vortex's Tide	faction	1	derpy_gg_daemonsmiths_hef.png	true	false	true
derpy_gg_svc_forged_arms_hef		Ithilmar Blades	faction	1	derpy_gg_daemonsmiths_hef.png	true	false	true
derpy_gg_svc_master_gunners_hef		Bolt Thrower Crews	faction	1	derpy_gg_daemonsmiths_hef.png	true	false	true
derpy_gg_svc_great_work_hef		The White Tower's Lore	faction	1	derpy_gg_daemonsmiths_hef.png	true	false	true
derpy_gg_svc_arsenal_hef		Lothern Armoury	faction	1	derpy_gg_daemonsmiths_hef.png	true	false	true
derpy_gg_svc_bribed_guards_hef		Paid Watchers	faction	1	derpy_gg_khanate_hef.png	true	false	true
derpy_gg_svc_blooded_agents_hef		Seasoned Agents	faction	1	derpy_gg_khanate_hef.png	true	false	true
derpy_gg_svc_sow_discord_hef		Whispers of Doubt	region	1	derpy_gg_khanate_hef.png	true	false	true
derpy_gg_svc_web_of_whispers_hef		Shadows in Every Court	faction	1	derpy_gg_khanate_hef.png	true	false	true
derpy_gg_svc_poisoned_wells_hef		Poisoned Wells	region	1	derpy_gg_khanate_hef.png	true	false	true
derpy_gg_svc_granaries_hef		Harvest of Ulthuan	region	1	derpy_gg_overseers_hef.png	true	false	true
derpy_gg_svc_road_gangs_hef		Elven Roads	faction	1	derpy_gg_overseers_hef.png	true	false	true
derpy_gg_svc_enforcers_hef		City Wardens	region	1	derpy_gg_overseers_hef.png	true	false	true
derpy_gg_svc_fortify_hef		Raise the Wards	region	1	derpy_gg_overseers_hef.png	true	false	true
derpy_gg_svc_master_builders_hef		Master Masons	faction	1	derpy_gg_overseers_hef.png	true	false	true
derpy_gg_svc_public_works_hef		Shrines of Ulthuan	faction	1	derpy_gg_overseers_hef.png	true	false	true
derpy_gg_svc_raiding_parties_hef		Reaver Scouts	faction	1	derpy_gg_slavers_hef.png	true	false	true
derpy_gg_svc_captive_markets_hef		Spoils of Victory	faction	1	derpy_gg_slavers_hef.png	true	false	true
derpy_gg_svc_slave_levy_hef		Levy of the Isles	faction	1	derpy_gg_slavers_hef.png	true	false	true
derpy_gg_svc_pit_fights_hef		Martial Contests	faction	1	derpy_gg_slavers_hef.png	true	false	true
derpy_gg_svc_great_hunt_hef		The Long Ride	faction	1	derpy_gg_slavers_hef.png	true	false	true
derpy_gg_svc_scorched_earth_hef		Burn the Stores	region	1	derpy_gg_slavers_hef.png	true	false	true
derpy_gg_rank_brass_2_gen		The Merchant Houses - Known	faction	1	derpy_gg_brass_gen.png	true	false	true
derpy_gg_rank_brass_3_gen		The Merchant Houses - Trusted	faction	1	derpy_gg_brass_gen.png	true	false	true
derpy_gg_rank_brass_4_gen		The Merchant Houses - Honoured	faction	1	derpy_gg_brass_gen.png	true	false	true
derpy_gg_rank_brass_5_gen		The Merchant Houses - Exalted	faction	1	derpy_gg_brass_gen.png	true	false	true
derpy_gg_lead_brass_gen		The Merchant Houses - Foremost	faction	1	derpy_gg_brass_gen.png	true	false	true
derpy_gg_rank_immortals_2_gen		The Veterans' Company - Known	faction	1	derpy_gg_immortals_gen.png	true	false	true
derpy_gg_rank_immortals_3_gen		The Veterans' Company - Trusted	faction	1	derpy_gg_immortals_gen.png	true	false	true
derpy_gg_rank_immortals_4_gen		The Veterans' Company - Honoured	faction	1	derpy_gg_immortals_gen.png	true	false	true
derpy_gg_rank_immortals_5_gen		The Veterans' Company - Exalted	faction	1	derpy_gg_immortals_gen.png	true	false	true
derpy_gg_lead_immortals_gen		The Veterans' Company - Foremost	faction	1	derpy_gg_immortals_gen.png	true	false	true
derpy_gg_rank_daemonsmiths_2_gen		The Artisans' Guild - Known	faction	1	derpy_gg_daemonsmiths_gen.png	true	false	true
derpy_gg_rank_daemonsmiths_3_gen		The Artisans' Guild - Trusted	faction	1	derpy_gg_daemonsmiths_gen.png	true	false	true
derpy_gg_rank_daemonsmiths_4_gen		The Artisans' Guild - Honoured	faction	1	derpy_gg_daemonsmiths_gen.png	true	false	true
derpy_gg_rank_daemonsmiths_5_gen		The Artisans' Guild - Exalted	faction	1	derpy_gg_daemonsmiths_gen.png	true	false	true
derpy_gg_lead_daemonsmiths_gen		The Artisans' Guild - Foremost	faction	1	derpy_gg_daemonsmiths_gen.png	true	false	true
derpy_gg_rank_khanate_2_gen		The Shadow Guild - Known	faction	1	derpy_gg_khanate_gen.png	true	false	true
derpy_gg_rank_khanate_3_gen		The Shadow Guild - Trusted	faction	1	derpy_gg_khanate_gen.png	true	false	true
derpy_gg_rank_khanate_4_gen		The Shadow Guild - Honoured	faction	1	derpy_gg_khanate_gen.png	true	false	true
derpy_gg_rank_khanate_5_gen		The Shadow Guild - Exalted	faction	1	derpy_gg_khanate_gen.png	true	false	true
derpy_gg_lead_khanate_gen		The Shadow Guild - Foremost	faction	1	derpy_gg_khanate_gen.png	true	false	true
derpy_gg_rank_overseers_2_gen		The Builders' Guild - Known	faction	1	derpy_gg_overseers_gen.png	true	false	true
derpy_gg_rank_overseers_3_gen		The Builders' Guild - Trusted	faction	1	derpy_gg_overseers_gen.png	true	false	true
derpy_gg_rank_overseers_4_gen		The Builders' Guild - Honoured	faction	1	derpy_gg_overseers_gen.png	true	false	true
derpy_gg_rank_overseers_5_gen		The Builders' Guild - Exalted	faction	1	derpy_gg_overseers_gen.png	true	false	true
derpy_gg_lead_overseers_gen		The Builders' Guild - Foremost	faction	1	derpy_gg_overseers_gen.png	true	false	true
derpy_gg_rank_slavers_2_gen		The Raiders' Guild - Known	faction	1	derpy_gg_slavers_gen.png	true	false	true
derpy_gg_rank_slavers_3_gen		The Raiders' Guild - Trusted	faction	1	derpy_gg_slavers_gen.png	true	false	true
derpy_gg_rank_slavers_4_gen		The Raiders' Guild - Honoured	faction	1	derpy_gg_slavers_gen.png	true	false	true
derpy_gg_rank_slavers_5_gen		The Raiders' Guild - Exalted	faction	1	derpy_gg_slavers_gen.png	true	false	true
derpy_gg_lead_slavers_gen		The Raiders' Guild - Foremost	faction	1	derpy_gg_slavers_gen.png	true	false	true
derpy_gg_svc_writ_monopoly_gen		Trade Charter	faction	1	derpy_gg_brass_gen.png	true	false	true
derpy_gg_svc_long_ledger_gen		The Long Ledger	faction	1	derpy_gg_brass_gen.png	true	false	true
derpy_gg_svc_oathbound_draft_gen		Call to Arms	faction	1	derpy_gg_immortals_gen.png	true	false	true
derpy_gg_svc_astragoths_levy_gen		Raise the Levy	faction	1	derpy_gg_immortals_gen.png	true	false	true
derpy_gg_svc_forge_rite_gen		The Proving Forge	faction	1	derpy_gg_daemonsmiths_gen.png	true	false	true
derpy_gg_svc_bound_ordnance_gen		Siege Engines	faction	1	derpy_gg_daemonsmiths_gen.png	true	false	true
derpy_gg_svc_knife_in_dark_gen		Knife in the Dark	faction	1	derpy_gg_khanate_gen.png	true	false	true
derpy_gg_svc_khans_price_gen		The Shadow Tax	faction	1	derpy_gg_khanate_gen.png	true	false	true
derpy_gg_svc_lash_the_gangs_gen		Work Through the Night	faction	1	derpy_gg_overseers_gen.png	true	false	true
derpy_gg_svc_works_of_zharr_gen		The Great Works	faction	1	derpy_gg_overseers_gen.png	true	false	true
derpy_gg_svc_coffle_drive_gen		Raiding Rights	faction	1	derpy_gg_slavers_gen.png	true	false	true
derpy_gg_svc_great_coffle_gen		The Great Raid	faction	1	derpy_gg_slavers_gen.png	true	false	true
derpy_gg_svc_alms_and_bribes_gen		Alms and Bribes	faction	1	derpy_gg_brass_gen.png	true	false	true
derpy_gg_svc_mercenary_contract_gen		Mercenary Contract	faction	1	derpy_gg_brass_gen.png	true	false	true
derpy_gg_svc_guild_loan_gen		Guild Loan	faction	1	derpy_gg_brass_gen.png	true	false	true
derpy_gg_svc_industry_charter_gen		Industry Charter	faction	1	derpy_gg_brass_gen.png	true	false	true
derpy_gg_svc_treasury_seal_gen		Treasury Seal	faction	1	derpy_gg_brass_gen.png	true	false	true
derpy_gg_svc_bought_peace_gen		Bought Peace	faction	1	derpy_gg_brass_gen.png	true	false	true
derpy_gg_svc_forced_march_gen		Forced March	force	1	derpy_gg_immortals_gen.png	true	false	true
derpy_gg_svc_drillmasters_gen		Drillmasters	faction	1	derpy_gg_immortals_gen.png	true	false	true
derpy_gg_svc_battle_standard_gen		Battle Standard	force	1	derpy_gg_immortals_gen.png	true	false	true
derpy_gg_svc_field_surgeons_gen		Field Surgeons	force	1	derpy_gg_immortals_gen.png	true	false	true
derpy_gg_svc_veteran_cadre_gen		Veteran Cadre	faction	1	derpy_gg_immortals_gen.png	true	false	true
derpy_gg_svc_ward_runes_gen		Ward Runes	force	1	derpy_gg_daemonsmiths_gen.png	true	false	true
derpy_gg_svc_spirit_siphon_gen		Spirit Siphon	faction	1	derpy_gg_daemonsmiths_gen.png	true	false	true
derpy_gg_svc_forged_arms_gen		Forged Arms	faction	1	derpy_gg_daemonsmiths_gen.png	true	false	true
derpy_gg_svc_master_gunners_gen		Master Gunners	faction	1	derpy_gg_daemonsmiths_gen.png	true	false	true
derpy_gg_svc_great_work_gen		The Great Work	faction	1	derpy_gg_daemonsmiths_gen.png	true	false	true
derpy_gg_svc_arsenal_gen		Arsenal	faction	1	derpy_gg_daemonsmiths_gen.png	true	false	true
derpy_gg_svc_bribed_guards_gen		Bribed Guards	faction	1	derpy_gg_khanate_gen.png	true	false	true
derpy_gg_svc_blooded_agents_gen		Blooded Agents	faction	1	derpy_gg_khanate_gen.png	true	false	true
derpy_gg_svc_sow_discord_gen		Sow Discord	region	1	derpy_gg_khanate_gen.png	true	false	true
derpy_gg_svc_web_of_whispers_gen		Web of Whispers	faction	1	derpy_gg_khanate_gen.png	true	false	true
derpy_gg_svc_poisoned_wells_gen		Poisoned Wells	region	1	derpy_gg_khanate_gen.png	true	false	true
derpy_gg_svc_granaries_gen		Granaries	region	1	derpy_gg_overseers_gen.png	true	false	true
derpy_gg_svc_road_gangs_gen		Road Gangs	faction	1	derpy_gg_overseers_gen.png	true	false	true
derpy_gg_svc_enforcers_gen		Enforcers	region	1	derpy_gg_overseers_gen.png	true	false	true
derpy_gg_svc_fortify_gen		Fortify	region	1	derpy_gg_overseers_gen.png	true	false	true
derpy_gg_svc_master_builders_gen		Master Builders	faction	1	derpy_gg_overseers_gen.png	true	false	true
derpy_gg_svc_public_works_gen		Public Works	faction	1	derpy_gg_overseers_gen.png	true	false	true
derpy_gg_svc_raiding_parties_gen		Raiding Parties	faction	1	derpy_gg_slavers_gen.png	true	false	true
derpy_gg_svc_captive_markets_gen		Captive Markets	faction	1	derpy_gg_slavers_gen.png	true	false	true
derpy_gg_svc_slave_levy_gen		Extra Levies	faction	1	derpy_gg_slavers_gen.png	true	false	true
derpy_gg_svc_pit_fights_gen		Pit Fights	faction	1	derpy_gg_slavers_gen.png	true	false	true
derpy_gg_svc_great_hunt_gen		The Great Hunt	faction	1	derpy_gg_slavers_gen.png	true	false	true
derpy_gg_svc_scorched_earth_gen		Scorched Earth	region	1	derpy_gg_slavers_gen.png	true	false	true
