key	mission_type	localised_title	localised_description	ui_image	ui_icon	generate	prioritised	event_category	set_piece_battle	location_x	location_y	quest_mission	quest_mission_final	trigger_radius	quest_character	sticky_by_default	localised_mission_completed_text	can_be_manually_cancelled
#missions_tables;0;db/missions_tables/derpy_great_guilds																		
derpy_gg_bounty_brass	CAPTURE_REGIONS	Seize the Market	The Tablets want the tolls of that place counted in our column. Take it intact.	chd/generic	rom_event_mission.png	false	false	Quest		0	0	false	false	0.0000		false	The work is done. The guild has paid your reward.	true
derpy_gg_build_brass	CONSTRUCT_N_OF_A_BUILDING	A Commission	The Brass Tablets have ordered a building in your lands. The Great Guilds panel names it.	chd/generic	rom_event_mission.png	false	false	Quest		0	0	false	false	0.0000		false	The work is done. The guild has paid your reward.	true
derpy_gg_job_brass	HAVE_AT_LEAST_X_MONEY	Fill the Coffers	The Brass Tablets demand full coffers. Hold the amount shown on the Great Guilds panel.	chd/generic	rom_event_mission.png	false	false	Quest		0	0	false	false	0.0000		false	The work is done. The guild has paid your reward.	true
derpy_gg_bounty_immortals	ELIMINATE_CHARACTER_IN_BATTLE	Break Their Champion	A general is being spoken of with respect. Correct that.	chd/generic	rom_event_mission.png	false	false	Quest		0	0	false	false	0.0000		false	The work is done. The guild has paid your reward.	true
derpy_gg_build_immortals	CONSTRUCT_N_OF_A_BUILDING	A Commission	The Immortals have ordered a building in your lands. The Great Guilds panel names it.	chd/generic	rom_event_mission.png	false	false	Quest		0	0	false	false	0.0000		false	The work is done. The guild has paid your reward.	true
derpy_gg_hero_immortals	SCRIPTED	Harry Their March	The Immortals want an army delayed and bloodied. Send heroes against the one shown on the Great Guilds panel.	chd/generic	rom_event_mission.png	false	false	Quest		0	0	false	false	0.0000		false	The work is done. The guild has paid your reward.	true
derpy_gg_job_immortals	ACHIEVE_CHARACTER_RANK	Prove a Champion	The Immortals need a proven champion. Raise a lord or hero to the rank shown on the Great Guilds panel.	chd/generic	rom_event_mission.png	false	false	Quest		0	0	false	false	0.0000		false	The work is done. The guild has paid your reward.	true
derpy_gg_bounty_daemonsmiths	RAZE_OR_SACK_N_DIFFERENT_SETTLEMENTS_INCLUDING	Strip the Works	What was forged there can be forged again here. Bring it back in pieces.	chd/generic	rom_event_mission.png	false	false	Quest		0	0	false	false	0.0000		false	The work is done. The guild has paid your reward.	true
derpy_gg_build_daemonsmiths	CONSTRUCT_N_OF_A_BUILDING	A Commission	The Daemonsmiths have ordered a building in your lands. The Great Guilds panel names it.	chd/generic	rom_event_mission.png	false	false	Quest		0	0	false	false	0.0000		false	The work is done. The guild has paid your reward.	true
derpy_gg_hero_daemonsmiths	SCRIPTED	Crack the Walls	The Daemonsmiths want a settlement weakened from within. Send heroes against the one shown on the Great Guilds panel.	chd/generic	rom_event_mission.png	false	false	Quest		0	0	false	false	0.0000		false	The work is done. The guild has paid your reward.	true
derpy_gg_job_daemonsmiths	RESEARCH_TECHNOLOGY	Commissioned Work	The Daemonsmiths have commissioned new research. Complete the technology shown on the Great Guilds panel.	chd/generic	rom_event_mission.png	false	false	Quest		0	0	false	false	0.0000		false	The work is done. The guild has paid your reward.	true
derpy_gg_bounty_khanate	ELIMINATE_CHARACTER_IN_BATTLE	A Knife for a Name	The Khanate cares nothing for the method. Make sure the name is no longer spoken.	chd/generic	rom_event_mission.png	false	false	Quest		0	0	false	false	0.0000		false	The work is done. The guild has paid your reward.	true
derpy_gg_build_khanate	CONSTRUCT_N_OF_A_BUILDING	A Commission	The Khanate have ordered a building in your lands. The Great Guilds panel names it.	chd/generic	rom_event_mission.png	false	false	Quest		0	0	false	false	0.0000		false	The work is done. The guild has paid your reward.	true
derpy_gg_job_khanate	SCRIPTED	A Quiet Word	The Khanate have marked someone for death. Use a hero to wound or kill the lord or hero shown on the Great Guilds panel.	chd/generic	rom_event_mission.png	false	false	Quest		0	0	false	false	0.0000		false	The work is done. The guild has paid your reward.	true
derpy_gg_bounty_overseers	CAPTURE_REGIONS	Hands, Not Ashes	Take it whole. Ashes cannot be put to work, and the Overseers are counting hands.	chd/generic	rom_event_mission.png	false	false	Quest		0	0	false	false	0.0000		false	The work is done. The guild has paid your reward.	true
derpy_gg_build_overseers	CONSTRUCT_N_OF_A_BUILDING	A Commission	The Overseers have ordered a building in your lands. The Great Guilds panel names it.	chd/generic	rom_event_mission.png	false	false	Quest		0	0	false	false	0.0000		false	The work is done. The guild has paid your reward.	true
derpy_gg_bounty_slavers	RAZE_OR_SACK_N_DIFFERENT_SETTLEMENTS_INCLUDING	Fill the Coffles	Empty it. The slaves you march out are the payment.	chd/generic	rom_event_mission.png	false	false	Quest		0	0	false	false	0.0000		false	The work is done. The guild has paid your reward.	true
derpy_gg_build_slavers	CONSTRUCT_N_OF_A_BUILDING	A Commission	The Slavers have ordered a building in your lands. The Great Guilds panel names it.	chd/generic	rom_event_mission.png	false	false	Quest		0	0	false	false	0.0000		false	The work is done. The guild has paid your reward.	true
derpy_gg_job_slavers	CAPTURE_X_BATTLE_CAPTIVES	Fill the Pens	The Slavers need more hands. Take the number of battle captives shown on the Great Guilds panel.	chd/generic	rom_event_mission.png	false	false	Quest		0	0	false	false	0.0000		false	The work is done. The guild has paid your reward.	true
derpy_gg_bounty_temple	ELIMINATE_CHARACTER_IN_BATTLE	An Offering for Hashut	A general of the Dwarfs leads an army in the open. The priests want that life on the altar.	chd/generic	rom_event_mission.png	false	false	Quest		0	0	false	false	0.0000		false	The work is done. The guild has paid your reward.	true
derpy_gg_build_temple	CONSTRUCT_N_OF_A_BUILDING	A Commission	The Temple of Hashut have ordered a building in your lands. The Great Guilds panel names it.	chd/generic	rom_event_mission.png	false	false	Quest		0	0	false	false	0.0000		false	The work is done. The guild has paid your reward.	true
derpy_gg_bounty_brass_emp	CAPTURE_REGIONS	Open the Market	The Merchant Guilds want that town's tolls paid in Altdorf. Take it intact.	emp/generic	rom_event_mission.png	false	false	Quest		0	0	false	false	0.0000		false	The work is done. The guild has paid your reward.	true
derpy_gg_build_brass_emp	CONSTRUCT_N_OF_A_BUILDING	A Commission	The Merchant Guilds have ordered a building in your lands. The Great Guilds panel names it.	emp/generic	rom_event_mission.png	false	false	Quest		0	0	false	false	0.0000		false	The work is done. The guild has paid your reward.	true
derpy_gg_job_brass_emp	HAVE_AT_LEAST_X_MONEY	Fill the Coffers	The Merchant Guilds demand full coffers. Hold the amount shown on the Great Guilds panel.	emp/generic	rom_event_mission.png	false	false	Quest		0	0	false	false	0.0000		false	The work is done. The guild has paid your reward.	true
derpy_gg_bounty_immortals_emp	ELIMINATE_CHARACTER_IN_BATTLE	A Duel for the Banner	A general has earned respect. The Greatswords mean to put an end to that.	emp/generic	rom_event_mission.png	false	false	Quest		0	0	false	false	0.0000		false	The work is done. The guild has paid your reward.	true
derpy_gg_build_immortals_emp	CONSTRUCT_N_OF_A_BUILDING	A Commission	The Greatswords have ordered a building in your lands. The Great Guilds panel names it.	emp/generic	rom_event_mission.png	false	false	Quest		0	0	false	false	0.0000		false	The work is done. The guild has paid your reward.	true
derpy_gg_hero_immortals_emp	SCRIPTED	Harry Their March	The Greatswords want an army delayed and bloodied. Send heroes against the one shown on the Great Guilds panel.	emp/generic	rom_event_mission.png	false	false	Quest		0	0	false	false	0.0000		false	The work is done. The guild has paid your reward.	true
derpy_gg_job_immortals_emp	ACHIEVE_CHARACTER_RANK	Prove a Champion	The Greatswords need a proven champion. Raise a lord or hero to the rank shown on the Great Guilds panel.	emp/generic	rom_event_mission.png	false	false	Quest		0	0	false	false	0.0000		false	The work is done. The guild has paid your reward.	true
derpy_gg_bounty_daemonsmiths_emp	RAZE_OR_SACK_N_DIFFERENT_SETTLEMENTS_INCLUDING	Salvage the Works	Whatever that place has built, the School wants on its own benches. Bring it back in pieces.	emp/generic	rom_event_mission.png	false	false	Quest		0	0	false	false	0.0000		false	The work is done. The guild has paid your reward.	true
derpy_gg_build_daemonsmiths_emp	CONSTRUCT_N_OF_A_BUILDING	A Commission	The Engineers' School have ordered a building in your lands. The Great Guilds panel names it.	emp/generic	rom_event_mission.png	false	false	Quest		0	0	false	false	0.0000		false	The work is done. The guild has paid your reward.	true
derpy_gg_hero_daemonsmiths_emp	SCRIPTED	Crack the Walls	The Engineers' School want a settlement weakened from within. Send heroes against the one shown on the Great Guilds panel.	emp/generic	rom_event_mission.png	false	false	Quest		0	0	false	false	0.0000		false	The work is done. The guild has paid your reward.	true
derpy_gg_job_daemonsmiths_emp	RESEARCH_TECHNOLOGY	Commissioned Work	The Engineers' School have commissioned new research. Complete the technology shown on the Great Guilds panel.	emp/generic	rom_event_mission.png	false	false	Quest		0	0	false	false	0.0000		false	The work is done. The guild has paid your reward.	true
derpy_gg_bounty_khanate_emp	ELIMINATE_CHARACTER_IN_BATTLE	A Name Crossed Out	The Guild wants the bearer of that name silenced. The method is your choice.	emp/generic	rom_event_mission.png	false	false	Quest		0	0	false	false	0.0000		false	The work is done. The guild has paid your reward.	true
derpy_gg_build_khanate_emp	CONSTRUCT_N_OF_A_BUILDING	A Commission	The Thieves' Guild have ordered a building in your lands. The Great Guilds panel names it.	emp/generic	rom_event_mission.png	false	false	Quest		0	0	false	false	0.0000		false	The work is done. The guild has paid your reward.	true
derpy_gg_job_khanate_emp	SCRIPTED	A Quiet Word	The Thieves' Guild have marked someone for death. Use a hero to wound or kill the lord or hero shown on the Great Guilds panel.	emp/generic	rom_event_mission.png	false	false	Quest		0	0	false	false	0.0000		false	The work is done. The guild has paid your reward.	true
derpy_gg_bounty_overseers_emp	CAPTURE_REGIONS	Stone Still Standing	Take it whole. The Masons want the walls left up, so they can be paid to mend them.	emp/generic	rom_event_mission.png	false	false	Quest		0	0	false	false	0.0000		false	The work is done. The guild has paid your reward.	true
derpy_gg_build_overseers_emp	CONSTRUCT_N_OF_A_BUILDING	A Commission	The Masons' Guild have ordered a building in your lands. The Great Guilds panel names it.	emp/generic	rom_event_mission.png	false	false	Quest		0	0	false	false	0.0000		false	The work is done. The guild has paid your reward.	true
derpy_gg_bounty_slavers_emp	RAZE_OR_SACK_N_DIFFERENT_SETTLEMENTS_INCLUDING	Pay Day	Empty it. The companies are owed, and that place can pay them.	emp/generic	rom_event_mission.png	false	false	Quest		0	0	false	false	0.0000		false	The work is done. The guild has paid your reward.	true
derpy_gg_build_slavers_emp	CONSTRUCT_N_OF_A_BUILDING	A Commission	The Free Companies have ordered a building in your lands. The Great Guilds panel names it.	emp/generic	rom_event_mission.png	false	false	Quest		0	0	false	false	0.0000		false	The work is done. The guild has paid your reward.	true
derpy_gg_job_slavers_emp	CAPTURE_X_BATTLE_CAPTIVES	Fill the Pens	The Free Companies need more hands. Take the number of battle captives shown on the Great Guilds panel.	emp/generic	rom_event_mission.png	false	false	Quest		0	0	false	false	0.0000		false	The work is done. The guild has paid your reward.	true
derpy_gg_bounty_temple_emp	ELIMINATE_CHARACTER_IN_BATTLE	Proof of the Art	The Colleges want a general of your enemies brought down by an army that marches with their wizards.	emp/generic	rom_event_mission.png	false	false	Quest		0	0	false	false	0.0000		false	The work is done. The guild has paid your reward.	true
derpy_gg_build_temple_emp	CONSTRUCT_N_OF_A_BUILDING	A Commission	The Colleges of Magic have ordered a building in your lands. The Great Guilds panel names it.	emp/generic	rom_event_mission.png	false	false	Quest		0	0	false	false	0.0000		false	The work is done. The guild has paid your reward.	true
derpy_gg_bounty_brass_dwf	CAPTURE_REGIONS	Reopen the Road	The Merchant Clans want that place back in their ledgers. Take it intact.	dwf/generic	rom_event_mission.png	false	false	Quest		0	0	false	false	0.0000		false	The work is done. The guild has paid your reward.	true
derpy_gg_build_brass_dwf	CONSTRUCT_N_OF_A_BUILDING	A Commission	The Merchant Clans have ordered a building in your lands. The Great Guilds panel names it.	dwf/generic	rom_event_mission.png	false	false	Quest		0	0	false	false	0.0000		false	The work is done. The guild has paid your reward.	true
derpy_gg_job_brass_dwf	HAVE_AT_LEAST_X_MONEY	Fill the Coffers	The Merchant Clans demand full coffers. Hold the amount shown on the Great Guilds panel.	dwf/generic	rom_event_mission.png	false	false	Quest		0	0	false	false	0.0000		false	The work is done. The guild has paid your reward.	true
derpy_gg_bounty_immortals_dwf	ELIMINATE_CHARACTER_IN_BATTLE	A Grudge on a Name	A general boasts. The Hammerers want that settled.	dwf/generic	rom_event_mission.png	false	false	Quest		0	0	false	false	0.0000		false	The work is done. The guild has paid your reward.	true
derpy_gg_build_immortals_dwf	CONSTRUCT_N_OF_A_BUILDING	A Commission	The Hammerers have ordered a building in your lands. The Great Guilds panel names it.	dwf/generic	rom_event_mission.png	false	false	Quest		0	0	false	false	0.0000		false	The work is done. The guild has paid your reward.	true
derpy_gg_hero_immortals_dwf	SCRIPTED	Harry Their March	The Hammerers want an army delayed and bloodied. Send heroes against the one shown on the Great Guilds panel.	dwf/generic	rom_event_mission.png	false	false	Quest		0	0	false	false	0.0000		false	The work is done. The guild has paid your reward.	true
derpy_gg_job_immortals_dwf	ACHIEVE_CHARACTER_RANK	Prove a Champion	The Hammerers need a proven champion. Raise a lord or hero to the rank shown on the Great Guilds panel.	dwf/generic	rom_event_mission.png	false	false	Quest		0	0	false	false	0.0000		false	The work is done. The guild has paid your reward.	true
derpy_gg_bounty_daemonsmiths_dwf	RAZE_OR_SACK_N_DIFFERENT_SETTLEMENTS_INCLUDING	Recover the Craft	Whatever was forged in that place was likely stolen from us first. Bring it back in pieces.	dwf/generic	rom_event_mission.png	false	false	Quest		0	0	false	false	0.0000		false	The work is done. The guild has paid your reward.	true
derpy_gg_build_daemonsmiths_dwf	CONSTRUCT_N_OF_A_BUILDING	A Commission	The Engineers' Guild have ordered a building in your lands. The Great Guilds panel names it.	dwf/generic	rom_event_mission.png	false	false	Quest		0	0	false	false	0.0000		false	The work is done. The guild has paid your reward.	true
derpy_gg_hero_daemonsmiths_dwf	SCRIPTED	Crack the Walls	The Engineers' Guild want a settlement weakened from within. Send heroes against the one shown on the Great Guilds panel.	dwf/generic	rom_event_mission.png	false	false	Quest		0	0	false	false	0.0000		false	The work is done. The guild has paid your reward.	true
derpy_gg_job_daemonsmiths_dwf	RESEARCH_TECHNOLOGY	Commissioned Work	The Engineers' Guild have commissioned new research. Complete the technology shown on the Great Guilds panel.	dwf/generic	rom_event_mission.png	false	false	Quest		0	0	false	false	0.0000		false	The work is done. The guild has paid your reward.	true
derpy_gg_bounty_khanate_dwf	ELIMINATE_CHARACTER_IN_BATTLE	Silence in the Passes	The Rangers want that name silenced. Choose the method.	dwf/generic	rom_event_mission.png	false	false	Quest		0	0	false	false	0.0000		false	The work is done. The guild has paid your reward.	true
derpy_gg_build_khanate_dwf	CONSTRUCT_N_OF_A_BUILDING	A Commission	The Rangers have ordered a building in your lands. The Great Guilds panel names it.	dwf/generic	rom_event_mission.png	false	false	Quest		0	0	false	false	0.0000		false	The work is done. The guild has paid your reward.	true
derpy_gg_job_khanate_dwf	SCRIPTED	A Quiet Word	The Rangers have marked someone for death. Use a hero to wound or kill the lord or hero shown on the Great Guilds panel.	dwf/generic	rom_event_mission.png	false	false	Quest		0	0	false	false	0.0000		false	The work is done. The guild has paid your reward.	true
derpy_gg_bounty_overseers_dwf	CAPTURE_REGIONS	Reclaim the Hold	Take it whole. The Miners' Guild wants tunnels, not rubble.	dwf/generic	rom_event_mission.png	false	false	Quest		0	0	false	false	0.0000		false	The work is done. The guild has paid your reward.	true
derpy_gg_build_overseers_dwf	CONSTRUCT_N_OF_A_BUILDING	A Commission	The Miners' Guild have ordered a building in your lands. The Great Guilds panel names it.	dwf/generic	rom_event_mission.png	false	false	Quest		0	0	false	false	0.0000		false	The work is done. The guild has paid your reward.	true
derpy_gg_bounty_slavers_dwf	RAZE_OR_SACK_N_DIFFERENT_SETTLEMENTS_INCLUDING	Strike a Line	Sack it. One more grudge struck from the Book, and paid for.	dwf/generic	rom_event_mission.png	false	false	Quest		0	0	false	false	0.0000		false	The work is done. The guild has paid your reward.	true
derpy_gg_build_slavers_dwf	CONSTRUCT_N_OF_A_BUILDING	A Commission	The Grudge-Settlers have ordered a building in your lands. The Great Guilds panel names it.	dwf/generic	rom_event_mission.png	false	false	Quest		0	0	false	false	0.0000		false	The work is done. The guild has paid your reward.	true
derpy_gg_job_slavers_dwf	CAPTURE_X_BATTLE_CAPTIVES	Fill the Pens	The Grudge-Settlers need more hands. Take the number of battle captives shown on the Great Guilds panel.	dwf/generic	rom_event_mission.png	false	false	Quest		0	0	false	false	0.0000		false	The work is done. The guild has paid your reward.	true
derpy_gg_bounty_temple_dwf	ELIMINATE_CHARACTER_IN_BATTLE	Hunt for the Slayers	A general of the greenskins or the ratmen leads an army in the open. The temples want that general brought down.	dwf/generic	rom_event_mission.png	false	false	Quest		0	0	false	false	0.0000		false	The work is done. The guild has paid your reward.	true
derpy_gg_build_temple_dwf	CONSTRUCT_N_OF_A_BUILDING	A Commission	The Ancestor Temples have ordered a building in your lands. The Great Guilds panel names it.	dwf/generic	rom_event_mission.png	false	false	Quest		0	0	false	false	0.0000		false	The work is done. The guild has paid your reward.	true
derpy_gg_bounty_brass_brt	CAPTURE_REGIONS	Open the Cellars	The Wine Merchants want that town's trade flowing to Bordeleaux. Take it intact.	brt/generic	rom_event_mission.png	false	false	Quest		0	0	false	false	0.0000		false	The work is done. The guild has paid your reward.	true
derpy_gg_build_brass_brt	CONSTRUCT_N_OF_A_BUILDING	A Commission	The Wine Merchants have ordered a building in your lands. The Great Guilds panel names it.	brt/generic	rom_event_mission.png	false	false	Quest		0	0	false	false	0.0000		false	The work is done. The guild has paid your reward.	true
derpy_gg_job_brass_brt	HAVE_AT_LEAST_X_MONEY	Fill the Coffers	The Wine Merchants demand full coffers. Hold the amount shown on the Great Guilds panel.	brt/generic	rom_event_mission.png	false	false	Quest		0	0	false	false	0.0000		false	The work is done. The guild has paid your reward.	true
derpy_gg_bounty_immortals_brt	ELIMINATE_CHARACTER_IN_BATTLE	A Challenge of Honour	A general has earned respect. The Knights Errant mean to test it.	brt/generic	rom_event_mission.png	false	false	Quest		0	0	false	false	0.0000		false	The work is done. The guild has paid your reward.	true
derpy_gg_build_immortals_brt	CONSTRUCT_N_OF_A_BUILDING	A Commission	The Knights Errant have ordered a building in your lands. The Great Guilds panel names it.	brt/generic	rom_event_mission.png	false	false	Quest		0	0	false	false	0.0000		false	The work is done. The guild has paid your reward.	true
derpy_gg_hero_immortals_brt	SCRIPTED	Harry Their March	The Knights Errant want an army delayed and bloodied. Send heroes against the one shown on the Great Guilds panel.	brt/generic	rom_event_mission.png	false	false	Quest		0	0	false	false	0.0000		false	The work is done. The guild has paid your reward.	true
derpy_gg_job_immortals_brt	ACHIEVE_CHARACTER_RANK	Prove a Champion	The Knights Errant need a proven champion. Raise a lord or hero to the rank shown on the Great Guilds panel.	brt/generic	rom_event_mission.png	false	false	Quest		0	0	false	false	0.0000		false	The work is done. The guild has paid your reward.	true
derpy_gg_bounty_daemonsmiths_brt	RAZE_OR_SACK_N_DIFFERENT_SETTLEMENTS_INCLUDING	Out of Unworthy Hands	The Damsels want that place's treasures taken from unworthy hands. Bring them back in pieces.	brt/generic	rom_event_mission.png	false	false	Quest		0	0	false	false	0.0000		false	The work is done. The guild has paid your reward.	true
derpy_gg_build_daemonsmiths_brt	CONSTRUCT_N_OF_A_BUILDING	A Commission	The Grail Damsels have ordered a building in your lands. The Great Guilds panel names it.	brt/generic	rom_event_mission.png	false	false	Quest		0	0	false	false	0.0000		false	The work is done. The guild has paid your reward.	true
derpy_gg_hero_daemonsmiths_brt	SCRIPTED	Crack the Walls	The Grail Damsels want a settlement weakened from within. Send heroes against the one shown on the Great Guilds panel.	brt/generic	rom_event_mission.png	false	false	Quest		0	0	false	false	0.0000		false	The work is done. The guild has paid your reward.	true
derpy_gg_job_daemonsmiths_brt	RESEARCH_TECHNOLOGY	Commissioned Work	The Grail Damsels have commissioned new research. Complete the technology shown on the Great Guilds panel.	brt/generic	rom_event_mission.png	false	false	Quest		0	0	false	false	0.0000		false	The work is done. The guild has paid your reward.	true
derpy_gg_bounty_khanate_brt	ELIMINATE_CHARACTER_IN_BATTLE	A Name in the Forest	The Outlaws want that name silenced. They leave the method to you.	brt/generic	rom_event_mission.png	false	false	Quest		0	0	false	false	0.0000		false	The work is done. The guild has paid your reward.	true
derpy_gg_build_khanate_brt	CONSTRUCT_N_OF_A_BUILDING	A Commission	The Forest Outlaws have ordered a building in your lands. The Great Guilds panel names it.	brt/generic	rom_event_mission.png	false	false	Quest		0	0	false	false	0.0000		false	The work is done. The guild has paid your reward.	true
derpy_gg_job_khanate_brt	SCRIPTED	A Quiet Word	The Forest Outlaws have marked someone for death. Use a hero to wound or kill the lord or hero shown on the Great Guilds panel.	brt/generic	rom_event_mission.png	false	false	Quest		0	0	false	false	0.0000		false	The work is done. The guild has paid your reward.	true
derpy_gg_bounty_overseers_brt	CAPTURE_REGIONS	A Keep Worth Keeping	Take it whole. The Castle-Wrights want a keep to improve, not rubble.	brt/generic	rom_event_mission.png	false	false	Quest		0	0	false	false	0.0000		false	The work is done. The guild has paid your reward.	true
derpy_gg_build_overseers_brt	CONSTRUCT_N_OF_A_BUILDING	A Commission	The Castle-Wrights have ordered a building in your lands. The Great Guilds panel names it.	brt/generic	rom_event_mission.png	false	false	Quest		0	0	false	false	0.0000		false	The work is done. The guild has paid your reward.	true
derpy_gg_bounty_slavers_brt	RAZE_OR_SACK_N_DIFFERENT_SETTLEMENTS_INCLUDING	A Crusade's Worth	Sack it. The Crusaders are owed, and that place can pay.	brt/generic	rom_event_mission.png	false	false	Quest		0	0	false	false	0.0000		false	The work is done. The guild has paid your reward.	true
derpy_gg_build_slavers_brt	CONSTRUCT_N_OF_A_BUILDING	A Commission	The Crusaders have ordered a building in your lands. The Great Guilds panel names it.	brt/generic	rom_event_mission.png	false	false	Quest		0	0	false	false	0.0000		false	The work is done. The guild has paid your reward.	true
derpy_gg_job_slavers_brt	CAPTURE_X_BATTLE_CAPTIVES	Fill the Pens	The Crusaders need more hands. Take the number of battle captives shown on the Great Guilds panel.	brt/generic	rom_event_mission.png	false	false	Quest		0	0	false	false	0.0000		false	The work is done. The guild has paid your reward.	true
derpy_gg_bounty_temple_brt	ELIMINATE_CHARACTER_IN_BATTLE	The Grail Quest	A general of the Ruinous Powers or the restless dead walks the land. The pilgrims pray for that general's end.	brt/generic	rom_event_mission.png	false	false	Quest		0	0	false	false	0.0000		false	The work is done. The guild has paid your reward.	true
derpy_gg_build_temple_brt	CONSTRUCT_N_OF_A_BUILDING	A Commission	The Grail Pilgrims have ordered a building in your lands. The Great Guilds panel names it.	brt/generic	rom_event_mission.png	false	false	Quest		0	0	false	false	0.0000		false	The work is done. The guild has paid your reward.	true
derpy_gg_bounty_brass_cth	CAPTURE_REGIONS	Open the Road	The Caravan Masters want that town's markets on the Ivory Road. Take it intact.	cth/generic	rom_event_mission.png	false	false	Quest		0	0	false	false	0.0000		false	The work is done. The guild has paid your reward.	true
derpy_gg_build_brass_cth	CONSTRUCT_N_OF_A_BUILDING	A Commission	The Caravan Masters have ordered a building in your lands. The Great Guilds panel names it.	cth/generic	rom_event_mission.png	false	false	Quest		0	0	false	false	0.0000		false	The work is done. The guild has paid your reward.	true
derpy_gg_job_brass_cth	HAVE_AT_LEAST_X_MONEY	Fill the Coffers	The Caravan Masters demand full coffers. Hold the amount shown on the Great Guilds panel.	cth/generic	rom_event_mission.png	false	false	Quest		0	0	false	false	0.0000		false	The work is done. The guild has paid your reward.	true
derpy_gg_bounty_immortals_cth	ELIMINATE_CHARACTER_IN_BATTLE	A Lesson in Respect	A general has earned respect. The Dragon Guard mean to put an end to that.	cth/generic	rom_event_mission.png	false	false	Quest		0	0	false	false	0.0000		false	The work is done. The guild has paid your reward.	true
derpy_gg_build_immortals_cth	CONSTRUCT_N_OF_A_BUILDING	A Commission	The Dragon Guard have ordered a building in your lands. The Great Guilds panel names it.	cth/generic	rom_event_mission.png	false	false	Quest		0	0	false	false	0.0000		false	The work is done. The guild has paid your reward.	true
derpy_gg_hero_immortals_cth	SCRIPTED	Harry Their March	The Dragon Guard want an army delayed and bloodied. Send heroes against the one shown on the Great Guilds panel.	cth/generic	rom_event_mission.png	false	false	Quest		0	0	false	false	0.0000		false	The work is done. The guild has paid your reward.	true
derpy_gg_job_immortals_cth	ACHIEVE_CHARACTER_RANK	Prove a Champion	The Dragon Guard need a proven champion. Raise a lord or hero to the rank shown on the Great Guilds panel.	cth/generic	rom_event_mission.png	false	false	Quest		0	0	false	false	0.0000		false	The work is done. The guild has paid your reward.	true
derpy_gg_bounty_daemonsmiths_cth	RAZE_OR_SACK_N_DIFFERENT_SETTLEMENTS_INCLUDING	Collect the Texts	Whatever that place has written down, the Academy wants in its archive. Bring it back in pieces.	cth/generic	rom_event_mission.png	false	false	Quest		0	0	false	false	0.0000		false	The work is done. The guild has paid your reward.	true
derpy_gg_build_daemonsmiths_cth	CONSTRUCT_N_OF_A_BUILDING	A Commission	The Imperial Academy have ordered a building in your lands. The Great Guilds panel names it.	cth/generic	rom_event_mission.png	false	false	Quest		0	0	false	false	0.0000		false	The work is done. The guild has paid your reward.	true
derpy_gg_hero_daemonsmiths_cth	SCRIPTED	Crack the Walls	The Imperial Academy want a settlement weakened from within. Send heroes against the one shown on the Great Guilds panel.	cth/generic	rom_event_mission.png	false	false	Quest		0	0	false	false	0.0000		false	The work is done. The guild has paid your reward.	true
derpy_gg_job_daemonsmiths_cth	RESEARCH_TECHNOLOGY	Commissioned Work	The Imperial Academy have commissioned new research. Complete the technology shown on the Great Guilds panel.	cth/generic	rom_event_mission.png	false	false	Quest		0	0	false	false	0.0000		false	The work is done. The guild has paid your reward.	true
derpy_gg_bounty_khanate_cth	ELIMINATE_CHARACTER_IN_BATTLE	A Name Forgotten	The Society wants that name forgotten. How you do it is your affair.	cth/generic	rom_event_mission.png	false	false	Quest		0	0	false	false	0.0000		false	The work is done. The guild has paid your reward.	true
derpy_gg_build_khanate_cth	CONSTRUCT_N_OF_A_BUILDING	A Commission	The Crow Society have ordered a building in your lands. The Great Guilds panel names it.	cth/generic	rom_event_mission.png	false	false	Quest		0	0	false	false	0.0000		false	The work is done. The guild has paid your reward.	true
derpy_gg_job_khanate_cth	SCRIPTED	A Quiet Word	The Crow Society have marked someone for death. Use a hero to wound or kill the lord or hero shown on the Great Guilds panel.	cth/generic	rom_event_mission.png	false	false	Quest		0	0	false	false	0.0000		false	The work is done. The guild has paid your reward.	true
derpy_gg_bounty_overseers_cth	CAPTURE_REGIONS	Walls for the Empire	Take it whole. The Bastion Builders want walls to strengthen, not rubble.	cth/generic	rom_event_mission.png	false	false	Quest		0	0	false	false	0.0000		false	The work is done. The guild has paid your reward.	true
derpy_gg_build_overseers_cth	CONSTRUCT_N_OF_A_BUILDING	A Commission	The Bastion Builders have ordered a building in your lands. The Great Guilds panel names it.	cth/generic	rom_event_mission.png	false	false	Quest		0	0	false	false	0.0000		false	The work is done. The guild has paid your reward.	true
derpy_gg_bounty_slavers_cth	RAZE_OR_SACK_N_DIFFERENT_SETTLEMENTS_INCLUDING	Punish Them	Sack it. The Host is owed, and that place can pay.	cth/generic	rom_event_mission.png	false	false	Quest		0	0	false	false	0.0000		false	The work is done. The guild has paid your reward.	true
derpy_gg_build_slavers_cth	CONSTRUCT_N_OF_A_BUILDING	A Commission	The Punitive Host have ordered a building in your lands. The Great Guilds panel names it.	cth/generic	rom_event_mission.png	false	false	Quest		0	0	false	false	0.0000		false	The work is done. The guild has paid your reward.	true
derpy_gg_job_slavers_cth	CAPTURE_X_BATTLE_CAPTIVES	Fill the Pens	The Punitive Host need more hands. Take the number of battle captives shown on the Great Guilds panel.	cth/generic	rom_event_mission.png	false	false	Quest		0	0	false	false	0.0000		false	The work is done. The guild has paid your reward.	true
derpy_gg_bounty_temple_cth	ELIMINATE_CHARACTER_IN_BATTLE	Heaven's Judgement	A general of your enemies offends the Celestial Dragon. The temples ask that the general be brought down.	cth/generic	rom_event_mission.png	false	false	Quest		0	0	false	false	0.0000		false	The work is done. The guild has paid your reward.	true
derpy_gg_build_temple_cth	CONSTRUCT_N_OF_A_BUILDING	A Commission	The Celestial Temples have ordered a building in your lands. The Great Guilds panel names it.	cth/generic	rom_event_mission.png	false	false	Quest		0	0	false	false	0.0000		false	The work is done. The guild has paid your reward.	true
derpy_gg_bounty_brass_ksl	CAPTURE_REGIONS	Open the Market	The Erengrad Merchants want that town's trade in their ledgers. Take it intact.	emp/generic	rom_event_mission.png	false	false	Quest		0	0	false	false	0.0000		false	The work is done. The guild has paid your reward.	true
derpy_gg_build_brass_ksl	CONSTRUCT_N_OF_A_BUILDING	A Commission	The Erengrad Merchants have ordered a building in your lands. The Great Guilds panel names it.	emp/generic	rom_event_mission.png	false	false	Quest		0	0	false	false	0.0000		false	The work is done. The guild has paid your reward.	true
derpy_gg_job_brass_ksl	HAVE_AT_LEAST_X_MONEY	Fill the Coffers	The Erengrad Merchants demand full coffers. Hold the amount shown on the Great Guilds panel.	emp/generic	rom_event_mission.png	false	false	Quest		0	0	false	false	0.0000		false	The work is done. The guild has paid your reward.	true
derpy_gg_bounty_immortals_ksl	ELIMINATE_CHARACTER_IN_BATTLE	A Duel in the Snow	A general has earned respect. The Tzar Guard mean to put an end to that.	emp/generic	rom_event_mission.png	false	false	Quest		0	0	false	false	0.0000		false	The work is done. The guild has paid your reward.	true
derpy_gg_build_immortals_ksl	CONSTRUCT_N_OF_A_BUILDING	A Commission	The Tzar Guard have ordered a building in your lands. The Great Guilds panel names it.	emp/generic	rom_event_mission.png	false	false	Quest		0	0	false	false	0.0000		false	The work is done. The guild has paid your reward.	true
derpy_gg_hero_immortals_ksl	SCRIPTED	Harry Their March	The Tzar Guard want an army delayed and bloodied. Send heroes against the one shown on the Great Guilds panel.	emp/generic	rom_event_mission.png	false	false	Quest		0	0	false	false	0.0000		false	The work is done. The guild has paid your reward.	true
derpy_gg_job_immortals_ksl	ACHIEVE_CHARACTER_RANK	Prove a Champion	The Tzar Guard need a proven champion. Raise a lord or hero to the rank shown on the Great Guilds panel.	emp/generic	rom_event_mission.png	false	false	Quest		0	0	false	false	0.0000		false	The work is done. The guild has paid your reward.	true
derpy_gg_bounty_daemonsmiths_ksl	RAZE_OR_SACK_N_DIFFERENT_SETTLEMENTS_INCLUDING	Claim the Lore	Whatever that place knows, the Ice Court wants. Bring it back in pieces.	emp/generic	rom_event_mission.png	false	false	Quest		0	0	false	false	0.0000		false	The work is done. The guild has paid your reward.	true
derpy_gg_build_daemonsmiths_ksl	CONSTRUCT_N_OF_A_BUILDING	A Commission	The Ice Court have ordered a building in your lands. The Great Guilds panel names it.	emp/generic	rom_event_mission.png	false	false	Quest		0	0	false	false	0.0000		false	The work is done. The guild has paid your reward.	true
derpy_gg_hero_daemonsmiths_ksl	SCRIPTED	Crack the Walls	The Ice Court want a settlement weakened from within. Send heroes against the one shown on the Great Guilds panel.	emp/generic	rom_event_mission.png	false	false	Quest		0	0	false	false	0.0000		false	The work is done. The guild has paid your reward.	true
derpy_gg_job_daemonsmiths_ksl	RESEARCH_TECHNOLOGY	Commissioned Work	The Ice Court have commissioned new research. Complete the technology shown on the Great Guilds panel.	emp/generic	rom_event_mission.png	false	false	Quest		0	0	false	false	0.0000		false	The work is done. The guild has paid your reward.	true
derpy_gg_bounty_khanate_ksl	ELIMINATE_CHARACTER_IN_BATTLE	Lost in the Snow	The Smugglers want that name silenced. They leave the method to you.	emp/generic	rom_event_mission.png	false	false	Quest		0	0	false	false	0.0000		false	The work is done. The guild has paid your reward.	true
derpy_gg_build_khanate_ksl	CONSTRUCT_N_OF_A_BUILDING	A Commission	The Oblast Smugglers have ordered a building in your lands. The Great Guilds panel names it.	emp/generic	rom_event_mission.png	false	false	Quest		0	0	false	false	0.0000		false	The work is done. The guild has paid your reward.	true
derpy_gg_job_khanate_ksl	SCRIPTED	A Quiet Word	The Oblast Smugglers have marked someone for death. Use a hero to wound or kill the lord or hero shown on the Great Guilds panel.	emp/generic	rom_event_mission.png	false	false	Quest		0	0	false	false	0.0000		false	The work is done. The guild has paid your reward.	true
derpy_gg_bounty_overseers_ksl	CAPTURE_REGIONS	Hold the Line	Take it whole. The Stanitsa Builders want walls that hold, not rubble.	emp/generic	rom_event_mission.png	false	false	Quest		0	0	false	false	0.0000		false	The work is done. The guild has paid your reward.	true
derpy_gg_build_overseers_ksl	CONSTRUCT_N_OF_A_BUILDING	A Commission	The Stanitsa Builders have ordered a building in your lands. The Great Guilds panel names it.	emp/generic	rom_event_mission.png	false	false	Quest		0	0	false	false	0.0000		false	The work is done. The guild has paid your reward.	true
derpy_gg_bounty_slavers_ksl	RAZE_OR_SACK_N_DIFFERENT_SETTLEMENTS_INCLUDING	Ride and Take	Sack it. The Raiders are owed, and that place can pay.	emp/generic	rom_event_mission.png	false	false	Quest		0	0	false	false	0.0000		false	The work is done. The guild has paid your reward.	true
derpy_gg_build_slavers_ksl	CONSTRUCT_N_OF_A_BUILDING	A Commission	The Ungol Raiders have ordered a building in your lands. The Great Guilds panel names it.	emp/generic	rom_event_mission.png	false	false	Quest		0	0	false	false	0.0000		false	The work is done. The guild has paid your reward.	true
derpy_gg_job_slavers_ksl	CAPTURE_X_BATTLE_CAPTIVES	Fill the Pens	The Ungol Raiders need more hands. Take the number of battle captives shown on the Great Guilds panel.	emp/generic	rom_event_mission.png	false	false	Quest		0	0	false	false	0.0000		false	The work is done. The guild has paid your reward.	true
derpy_gg_bounty_temple_ksl	ELIMINATE_CHARACTER_IN_BATTLE	Ursun's Hunt	A general of the north leads an army against the Motherland. The Orthodoxy wants that general dead.	emp/generic	rom_event_mission.png	false	false	Quest		0	0	false	false	0.0000		false	The work is done. The guild has paid your reward.	true
derpy_gg_build_temple_ksl	CONSTRUCT_N_OF_A_BUILDING	A Commission	The Great Orthodoxy have ordered a building in your lands. The Great Guilds panel names it.	emp/generic	rom_event_mission.png	false	false	Quest		0	0	false	false	0.0000		false	The work is done. The guild has paid your reward.	true
derpy_gg_bounty_brass_def	CAPTURE_REGIONS	Fresh Markets	The Karond Kar Traders want that town's trade in their ledgers. Take it intact.	def/generic	rom_event_mission.png	false	false	Quest		0	0	false	false	0.0000		false	The work is done. The guild has paid your reward.	true
derpy_gg_build_brass_def	CONSTRUCT_N_OF_A_BUILDING	A Commission	The Karond Kar Traders have ordered a building in your lands. The Great Guilds panel names it.	def/generic	rom_event_mission.png	false	false	Quest		0	0	false	false	0.0000		false	The work is done. The guild has paid your reward.	true
derpy_gg_job_brass_def	HAVE_AT_LEAST_X_MONEY	Fill the Coffers	The Karond Kar Traders demand full coffers. Hold the amount shown on the Great Guilds panel.	def/generic	rom_event_mission.png	false	false	Quest		0	0	false	false	0.0000		false	The work is done. The guild has paid your reward.	true
derpy_gg_bounty_immortals_def	ELIMINATE_CHARACTER_IN_BATTLE	A Test of Blades	A general has earned respect. The Black Guard mean to put an end to that.	def/generic	rom_event_mission.png	false	false	Quest		0	0	false	false	0.0000		false	The work is done. The guild has paid your reward.	true
derpy_gg_build_immortals_def	CONSTRUCT_N_OF_A_BUILDING	A Commission	The Black Guard have ordered a building in your lands. The Great Guilds panel names it.	def/generic	rom_event_mission.png	false	false	Quest		0	0	false	false	0.0000		false	The work is done. The guild has paid your reward.	true
derpy_gg_hero_immortals_def	SCRIPTED	Harry Their March	The Black Guard want an army delayed and bloodied. Send heroes against the one shown on the Great Guilds panel.	def/generic	rom_event_mission.png	false	false	Quest		0	0	false	false	0.0000		false	The work is done. The guild has paid your reward.	true
derpy_gg_job_immortals_def	ACHIEVE_CHARACTER_RANK	Prove a Champion	The Black Guard need a proven champion. Raise a lord or hero to the rank shown on the Great Guilds panel.	def/generic	rom_event_mission.png	false	false	Quest		0	0	false	false	0.0000		false	The work is done. The guild has paid your reward.	true
derpy_gg_bounty_daemonsmiths_def	RAZE_OR_SACK_N_DIFFERENT_SETTLEMENTS_INCLUDING	Plunder the Lore	Whatever that place knows, the Convent wants. Bring it back in pieces.	def/generic	rom_event_mission.png	false	false	Quest		0	0	false	false	0.0000		false	The work is done. The guild has paid your reward.	true
derpy_gg_build_daemonsmiths_def	CONSTRUCT_N_OF_A_BUILDING	A Commission	The Convent of Ghrond have ordered a building in your lands. The Great Guilds panel names it.	def/generic	rom_event_mission.png	false	false	Quest		0	0	false	false	0.0000		false	The work is done. The guild has paid your reward.	true
derpy_gg_hero_daemonsmiths_def	SCRIPTED	Crack the Walls	The Convent of Ghrond want a settlement weakened from within. Send heroes against the one shown on the Great Guilds panel.	def/generic	rom_event_mission.png	false	false	Quest		0	0	false	false	0.0000		false	The work is done. The guild has paid your reward.	true
derpy_gg_job_daemonsmiths_def	RESEARCH_TECHNOLOGY	Commissioned Work	The Convent of Ghrond have commissioned new research. Complete the technology shown on the Great Guilds panel.	def/generic	rom_event_mission.png	false	false	Quest		0	0	false	false	0.0000		false	The work is done. The guild has paid your reward.	true
derpy_gg_bounty_khanate_def	ELIMINATE_CHARACTER_IN_BATTLE	A Name for Khaine	The Assassins want that name silenced. They leave the method to you.	def/generic	rom_event_mission.png	false	false	Quest		0	0	false	false	0.0000		false	The work is done. The guild has paid your reward.	true
derpy_gg_build_khanate_def	CONSTRUCT_N_OF_A_BUILDING	A Commission	The Khainite Assassins have ordered a building in your lands. The Great Guilds panel names it.	def/generic	rom_event_mission.png	false	false	Quest		0	0	false	false	0.0000		false	The work is done. The guild has paid your reward.	true
derpy_gg_job_khanate_def	SCRIPTED	A Quiet Word	The Khainite Assassins have marked someone for death. Use a hero to wound or kill the lord or hero shown on the Great Guilds panel.	def/generic	rom_event_mission.png	false	false	Quest		0	0	false	false	0.0000		false	The work is done. The guild has paid your reward.	true
derpy_gg_bounty_overseers_def	CAPTURE_REGIONS	A Tower Worth Taking	Take it whole. The Naggarond Builders want walls to raise higher, not rubble.	def/generic	rom_event_mission.png	false	false	Quest		0	0	false	false	0.0000		false	The work is done. The guild has paid your reward.	true
derpy_gg_build_overseers_def	CONSTRUCT_N_OF_A_BUILDING	A Commission	The Naggarond Builders have ordered a building in your lands. The Great Guilds panel names it.	def/generic	rom_event_mission.png	false	false	Quest		0	0	false	false	0.0000		false	The work is done. The guild has paid your reward.	true
derpy_gg_bounty_slavers_def	RAZE_OR_SACK_N_DIFFERENT_SETTLEMENTS_INCLUDING	A Harvest of Captives	Sack it. The Corsairs are owed, and that place can pay.	def/generic	rom_event_mission.png	false	false	Quest		0	0	false	false	0.0000		false	The work is done. The guild has paid your reward.	true
derpy_gg_build_slavers_def	CONSTRUCT_N_OF_A_BUILDING	A Commission	The Black Ark Corsairs have ordered a building in your lands. The Great Guilds panel names it.	def/generic	rom_event_mission.png	false	false	Quest		0	0	false	false	0.0000		false	The work is done. The guild has paid your reward.	true
derpy_gg_job_slavers_def	CAPTURE_X_BATTLE_CAPTIVES	Fill the Pens	The Black Ark Corsairs need more hands. Take the number of battle captives shown on the Great Guilds panel.	def/generic	rom_event_mission.png	false	false	Quest		0	0	false	false	0.0000		false	The work is done. The guild has paid your reward.	true
derpy_gg_bounty_temple_def	ELIMINATE_CHARACTER_IN_BATTLE	A Gift for Khaine	An asur general still lives. The Brides want that heart on the altar.	def/generic	rom_event_mission.png	false	false	Quest		0	0	false	false	0.0000		false	The work is done. The guild has paid your reward.	true
derpy_gg_build_temple_def	CONSTRUCT_N_OF_A_BUILDING	A Commission	The Brides of Khaine have ordered a building in your lands. The Great Guilds panel names it.	def/generic	rom_event_mission.png	false	false	Quest		0	0	false	false	0.0000		false	The work is done. The guild has paid your reward.	true
derpy_gg_bounty_brass_hef	CAPTURE_REGIONS	Open the Harbour	The Lothern Merchants want that town's trade on their ships. Take it intact.	hef/generic	rom_event_mission.png	false	false	Quest		0	0	false	false	0.0000		false	The work is done. The guild has paid your reward.	true
derpy_gg_build_brass_hef	CONSTRUCT_N_OF_A_BUILDING	A Commission	The Lothern Merchants have ordered a building in your lands. The Great Guilds panel names it.	hef/generic	rom_event_mission.png	false	false	Quest		0	0	false	false	0.0000		false	The work is done. The guild has paid your reward.	true
derpy_gg_job_brass_hef	HAVE_AT_LEAST_X_MONEY	Fill the Coffers	The Lothern Merchants demand full coffers. Hold the amount shown on the Great Guilds panel.	hef/generic	rom_event_mission.png	false	false	Quest		0	0	false	false	0.0000		false	The work is done. The guild has paid your reward.	true
derpy_gg_bounty_immortals_hef	ELIMINATE_CHARACTER_IN_BATTLE	A Lesson in Blades	A general has earned respect. The Swordmasters mean to put an end to that.	hef/generic	rom_event_mission.png	false	false	Quest		0	0	false	false	0.0000		false	The work is done. The guild has paid your reward.	true
derpy_gg_build_immortals_hef	CONSTRUCT_N_OF_A_BUILDING	A Commission	The Swordmasters have ordered a building in your lands. The Great Guilds panel names it.	hef/generic	rom_event_mission.png	false	false	Quest		0	0	false	false	0.0000		false	The work is done. The guild has paid your reward.	true
derpy_gg_hero_immortals_hef	SCRIPTED	Harry Their March	The Swordmasters want an army delayed and bloodied. Send heroes against the one shown on the Great Guilds panel.	hef/generic	rom_event_mission.png	false	false	Quest		0	0	false	false	0.0000		false	The work is done. The guild has paid your reward.	true
derpy_gg_job_immortals_hef	ACHIEVE_CHARACTER_RANK	Prove a Champion	The Swordmasters need a proven champion. Raise a lord or hero to the rank shown on the Great Guilds panel.	hef/generic	rom_event_mission.png	false	false	Quest		0	0	false	false	0.0000		false	The work is done. The guild has paid your reward.	true
derpy_gg_bounty_daemonsmiths_hef	RAZE_OR_SACK_N_DIFFERENT_SETTLEMENTS_INCLUDING	Recover the Lore	Whatever that place knows, the Loremasters want kept safe. Bring it back in pieces.	hef/generic	rom_event_mission.png	false	false	Quest		0	0	false	false	0.0000		false	The work is done. The guild has paid your reward.	true
derpy_gg_build_daemonsmiths_hef	CONSTRUCT_N_OF_A_BUILDING	A Commission	The Loremasters have ordered a building in your lands. The Great Guilds panel names it.	hef/generic	rom_event_mission.png	false	false	Quest		0	0	false	false	0.0000		false	The work is done. The guild has paid your reward.	true
derpy_gg_hero_daemonsmiths_hef	SCRIPTED	Crack the Walls	The Loremasters want a settlement weakened from within. Send heroes against the one shown on the Great Guilds panel.	hef/generic	rom_event_mission.png	false	false	Quest		0	0	false	false	0.0000		false	The work is done. The guild has paid your reward.	true
derpy_gg_job_daemonsmiths_hef	RESEARCH_TECHNOLOGY	Commissioned Work	The Loremasters have commissioned new research. Complete the technology shown on the Great Guilds panel.	hef/generic	rom_event_mission.png	false	false	Quest		0	0	false	false	0.0000		false	The work is done. The guild has paid your reward.	true
derpy_gg_bounty_khanate_hef	ELIMINATE_CHARACTER_IN_BATTLE	A Shadow Falls	The Shadow Warriors want that name silenced. They leave the method to you.	hef/generic	rom_event_mission.png	false	false	Quest		0	0	false	false	0.0000		false	The work is done. The guild has paid your reward.	true
derpy_gg_build_khanate_hef	CONSTRUCT_N_OF_A_BUILDING	A Commission	The Shadow Warriors have ordered a building in your lands. The Great Guilds panel names it.	hef/generic	rom_event_mission.png	false	false	Quest		0	0	false	false	0.0000		false	The work is done. The guild has paid your reward.	true
derpy_gg_job_khanate_hef	SCRIPTED	A Quiet Word	The Shadow Warriors have marked someone for death. Use a hero to wound or kill the lord or hero shown on the Great Guilds panel.	hef/generic	rom_event_mission.png	false	false	Quest		0	0	false	false	0.0000		false	The work is done. The guild has paid your reward.	true
derpy_gg_bounty_overseers_hef	CAPTURE_REGIONS	Walls for Ulthuan	Take it whole. The Masons want walls to strengthen, not rubble.	hef/generic	rom_event_mission.png	false	false	Quest		0	0	false	false	0.0000		false	The work is done. The guild has paid your reward.	true
derpy_gg_build_overseers_hef	CONSTRUCT_N_OF_A_BUILDING	A Commission	The Ulthuan Masons have ordered a building in your lands. The Great Guilds panel names it.	hef/generic	rom_event_mission.png	false	false	Quest		0	0	false	false	0.0000		false	The work is done. The guild has paid your reward.	true
derpy_gg_bounty_slavers_hef	RAZE_OR_SACK_N_DIFFERENT_SETTLEMENTS_INCLUDING	Reave It	Sack it. The Reavers are owed, and that place can pay.	hef/generic	rom_event_mission.png	false	false	Quest		0	0	false	false	0.0000		false	The work is done. The guild has paid your reward.	true
derpy_gg_build_slavers_hef	CONSTRUCT_N_OF_A_BUILDING	A Commission	The Ellyrian Reavers have ordered a building in your lands. The Great Guilds panel names it.	hef/generic	rom_event_mission.png	false	false	Quest		0	0	false	false	0.0000		false	The work is done. The guild has paid your reward.	true
derpy_gg_job_slavers_hef	CAPTURE_X_BATTLE_CAPTIVES	Fill the Pens	The Ellyrian Reavers need more hands. Take the number of battle captives shown on the Great Guilds panel.	hef/generic	rom_event_mission.png	false	false	Quest		0	0	false	false	0.0000		false	The work is done. The guild has paid your reward.	true
derpy_gg_bounty_temple_hef	ELIMINATE_CHARACTER_IN_BATTLE	Asuryan's Judgement	A druchii general leads an army in the open. The Cult wants that general brought down.	hef/generic	rom_event_mission.png	false	false	Quest		0	0	false	false	0.0000		false	The work is done. The guild has paid your reward.	true
derpy_gg_build_temple_hef	CONSTRUCT_N_OF_A_BUILDING	A Commission	The Cult of Asuryan have ordered a building in your lands. The Great Guilds panel names it.	hef/generic	rom_event_mission.png	false	false	Quest		0	0	false	false	0.0000		false	The work is done. The guild has paid your reward.	true
derpy_gg_bounty_brass_skv	CAPTURE_REGIONS	Seize the Warpstone	The Warpstone Traders want that town's stores in their tunnels. Take it intact.	skv/generic	rom_event_mission.png	false	false	Quest		0	0	false	false	0.0000		false	The work is done. The guild has paid your reward.	true
derpy_gg_build_brass_skv	CONSTRUCT_N_OF_A_BUILDING	A Commission	The Warpstone Traders have ordered a building in your lands. The Great Guilds panel names it.	skv/generic	rom_event_mission.png	false	false	Quest		0	0	false	false	0.0000		false	The work is done. The guild has paid your reward.	true
derpy_gg_job_brass_skv	HAVE_AT_LEAST_X_MONEY	Fill the Coffers	The Warpstone Traders demand full coffers. Hold the amount shown on the Great Guilds panel.	skv/generic	rom_event_mission.png	false	false	Quest		0	0	false	false	0.0000		false	The work is done. The guild has paid your reward.	true
derpy_gg_bounty_immortals_skv	ELIMINATE_CHARACTER_IN_BATTLE	A Warlord's Rival	A general threatens us. The Stormvermin want the threat dead.	skv/generic	rom_event_mission.png	false	false	Quest		0	0	false	false	0.0000		false	The work is done. The guild has paid your reward.	true
derpy_gg_build_immortals_skv	CONSTRUCT_N_OF_A_BUILDING	A Commission	The Stormvermin have ordered a building in your lands. The Great Guilds panel names it.	skv/generic	rom_event_mission.png	false	false	Quest		0	0	false	false	0.0000		false	The work is done. The guild has paid your reward.	true
derpy_gg_hero_immortals_skv	SCRIPTED	Harry Their March	The Stormvermin want an army delayed and bloodied. Send heroes against the one shown on the Great Guilds panel.	skv/generic	rom_event_mission.png	false	false	Quest		0	0	false	false	0.0000		false	The work is done. The guild has paid your reward.	true
derpy_gg_job_immortals_skv	ACHIEVE_CHARACTER_RANK	Prove a Champion	The Stormvermin need a proven champion. Raise a lord or hero to the rank shown on the Great Guilds panel.	skv/generic	rom_event_mission.png	false	false	Quest		0	0	false	false	0.0000		false	The work is done. The guild has paid your reward.	true
derpy_gg_bounty_daemonsmiths_skv	RAZE_OR_SACK_N_DIFFERENT_SETTLEMENTS_INCLUDING	Steal the Secrets	Whatever that place knows, Clan Skryre wants it. Bring it back in pieces.	skv/generic	rom_event_mission.png	false	false	Quest		0	0	false	false	0.0000		false	The work is done. The guild has paid your reward.	true
derpy_gg_build_daemonsmiths_skv	CONSTRUCT_N_OF_A_BUILDING	A Commission	The Skryre Warlocks have ordered a building in your lands. The Great Guilds panel names it.	skv/generic	rom_event_mission.png	false	false	Quest		0	0	false	false	0.0000		false	The work is done. The guild has paid your reward.	true
derpy_gg_hero_daemonsmiths_skv	SCRIPTED	Crack the Walls	The Skryre Warlocks want a settlement weakened from within. Send heroes against the one shown on the Great Guilds panel.	skv/generic	rom_event_mission.png	false	false	Quest		0	0	false	false	0.0000		false	The work is done. The guild has paid your reward.	true
derpy_gg_job_daemonsmiths_skv	RESEARCH_TECHNOLOGY	Commissioned Work	The Skryre Warlocks have commissioned new research. Complete the technology shown on the Great Guilds panel.	skv/generic	rom_event_mission.png	false	false	Quest		0	0	false	false	0.0000		false	The work is done. The guild has paid your reward.	true
derpy_gg_bounty_khanate_skv	ELIMINATE_CHARACTER_IN_BATTLE	A Name to Silence	Clan Eshin wants that name silenced. The method is your choice.	skv/generic	rom_event_mission.png	false	false	Quest		0	0	false	false	0.0000		false	The work is done. The guild has paid your reward.	true
derpy_gg_build_khanate_skv	CONSTRUCT_N_OF_A_BUILDING	A Commission	The Eshin Assassins have ordered a building in your lands. The Great Guilds panel names it.	skv/generic	rom_event_mission.png	false	false	Quest		0	0	false	false	0.0000		false	The work is done. The guild has paid your reward.	true
derpy_gg_job_khanate_skv	SCRIPTED	A Quiet Word	The Eshin Assassins have marked someone for death. Use a hero to wound or kill the lord or hero shown on the Great Guilds panel.	skv/generic	rom_event_mission.png	false	false	Quest		0	0	false	false	0.0000		false	The work is done. The guild has paid your reward.	true
derpy_gg_bounty_overseers_skv	CAPTURE_REGIONS	New Warrens	Take it whole. Clan Moulder wants tunnels to dig, not rubble.	skv/generic	rom_event_mission.png	false	false	Quest		0	0	false	false	0.0000		false	The work is done. The guild has paid your reward.	true
derpy_gg_build_overseers_skv	CONSTRUCT_N_OF_A_BUILDING	A Commission	The Moulder Breeders have ordered a building in your lands. The Great Guilds panel names it.	skv/generic	rom_event_mission.png	false	false	Quest		0	0	false	false	0.0000		false	The work is done. The guild has paid your reward.	true
derpy_gg_bounty_slavers_skv	RAZE_OR_SACK_N_DIFFERENT_SETTLEMENTS_INCLUDING	Take Them All	Sack it. The Slave-Masters are owed, and that place has plenty to drag away.	skv/generic	rom_event_mission.png	false	false	Quest		0	0	false	false	0.0000		false	The work is done. The guild has paid your reward.	true
derpy_gg_build_slavers_skv	CONSTRUCT_N_OF_A_BUILDING	A Commission	The Slave-Masters have ordered a building in your lands. The Great Guilds panel names it.	skv/generic	rom_event_mission.png	false	false	Quest		0	0	false	false	0.0000		false	The work is done. The guild has paid your reward.	true
derpy_gg_job_slavers_skv	CAPTURE_X_BATTLE_CAPTIVES	Fill the Pens	The Slave-Masters need more hands. Take the number of battle captives shown on the Great Guilds panel.	skv/generic	rom_event_mission.png	false	false	Quest		0	0	false	false	0.0000		false	The work is done. The guild has paid your reward.	true
derpy_gg_bounty_temple_skv	ELIMINATE_CHARACTER_IN_BATTLE	The Seers' Doom	A Dwarf or Lizardman general leads an army in the open. The Grey Seers have foreseen that general's death. Make it so.	skv/generic	rom_event_mission.png	false	false	Quest		0	0	false	false	0.0000		false	The work is done. The guild has paid your reward.	true
derpy_gg_build_temple_skv	CONSTRUCT_N_OF_A_BUILDING	A Commission	The Grey Seers have ordered a building in your lands. The Great Guilds panel names it.	skv/generic	rom_event_mission.png	false	false	Quest		0	0	false	false	0.0000		false	The work is done. The guild has paid your reward.	true
derpy_gg_bounty_brass_gen	CAPTURE_REGIONS	Take the Market	The Merchant Houses want that town's tolls paid to them. Take it intact.	all/queen_and_crone	rom_event_mission.png	false	false	Quest		0	0	false	false	0.0000		false	The work is done. The guild has paid your reward.	true
derpy_gg_build_brass_gen	CONSTRUCT_N_OF_A_BUILDING	A Commission	The Merchant Houses have ordered a building in your lands. The Great Guilds panel names it.	all/queen_and_crone	rom_event_mission.png	false	false	Quest		0	0	false	false	0.0000		false	The work is done. The guild has paid your reward.	true
derpy_gg_job_brass_gen	HAVE_AT_LEAST_X_MONEY	Fill the Coffers	The Merchant Houses demand full coffers. Hold the amount shown on the Great Guilds panel.	all/queen_and_crone	rom_event_mission.png	false	false	Quest		0	0	false	false	0.0000		false	The work is done. The guild has paid your reward.	true
derpy_gg_bounty_immortals_gen	ELIMINATE_CHARACTER_IN_BATTLE	A Challenge Answered	A general has earned respect. The Company means to put an end to that.	all/queen_and_crone	rom_event_mission.png	false	false	Quest		0	0	false	false	0.0000		false	The work is done. The guild has paid your reward.	true
derpy_gg_build_immortals_gen	CONSTRUCT_N_OF_A_BUILDING	A Commission	The Veterans' Company have ordered a building in your lands. The Great Guilds panel names it.	all/queen_and_crone	rom_event_mission.png	false	false	Quest		0	0	false	false	0.0000		false	The work is done. The guild has paid your reward.	true
derpy_gg_hero_immortals_gen	SCRIPTED	Harry Their March	The Veterans' Company want an army delayed and bloodied. Send heroes against the one shown on the Great Guilds panel.	all/queen_and_crone	rom_event_mission.png	false	false	Quest		0	0	false	false	0.0000		false	The work is done. The guild has paid your reward.	true
derpy_gg_job_immortals_gen	ACHIEVE_CHARACTER_RANK	Prove a Champion	The Veterans' Company need a proven champion. Raise a lord or hero to the rank shown on the Great Guilds panel.	all/queen_and_crone	rom_event_mission.png	false	false	Quest		0	0	false	false	0.0000		false	The work is done. The guild has paid your reward.	true
derpy_gg_bounty_daemonsmiths_gen	RAZE_OR_SACK_N_DIFFERENT_SETTLEMENTS_INCLUDING	Strip the Workshops	Whatever that place has built, the Artisans want on their own benches. Bring it back in pieces.	all/queen_and_crone	rom_event_mission.png	false	false	Quest		0	0	false	false	0.0000		false	The work is done. The guild has paid your reward.	true
derpy_gg_build_daemonsmiths_gen	CONSTRUCT_N_OF_A_BUILDING	A Commission	The Artisans' Guild have ordered a building in your lands. The Great Guilds panel names it.	all/queen_and_crone	rom_event_mission.png	false	false	Quest		0	0	false	false	0.0000		false	The work is done. The guild has paid your reward.	true
derpy_gg_hero_daemonsmiths_gen	SCRIPTED	Crack the Walls	The Artisans' Guild want a settlement weakened from within. Send heroes against the one shown on the Great Guilds panel.	all/queen_and_crone	rom_event_mission.png	false	false	Quest		0	0	false	false	0.0000		false	The work is done. The guild has paid your reward.	true
derpy_gg_job_daemonsmiths_gen	RESEARCH_TECHNOLOGY	Commissioned Work	The Artisans' Guild have commissioned new research. Complete the technology shown on the Great Guilds panel.	all/queen_and_crone	rom_event_mission.png	false	false	Quest		0	0	false	false	0.0000		false	The work is done. The guild has paid your reward.	true
derpy_gg_bounty_khanate_gen	ELIMINATE_CHARACTER_IN_BATTLE	A Quiet Removal	The Guild wants that name silenced. They leave the method to you.	all/queen_and_crone	rom_event_mission.png	false	false	Quest		0	0	false	false	0.0000		false	The work is done. The guild has paid your reward.	true
derpy_gg_build_khanate_gen	CONSTRUCT_N_OF_A_BUILDING	A Commission	The Shadow Guild have ordered a building in your lands. The Great Guilds panel names it.	all/queen_and_crone	rom_event_mission.png	false	false	Quest		0	0	false	false	0.0000		false	The work is done. The guild has paid your reward.	true
derpy_gg_job_khanate_gen	SCRIPTED	A Quiet Word	The Shadow Guild have marked someone for death. Use a hero to wound or kill the lord or hero shown on the Great Guilds panel.	all/queen_and_crone	rom_event_mission.png	false	false	Quest		0	0	false	false	0.0000		false	The work is done. The guild has paid your reward.	true
derpy_gg_bounty_overseers_gen	CAPTURE_REGIONS	Leave the Walls Standing	Take it whole. The Builders want walls to work on, not rubble.	all/queen_and_crone	rom_event_mission.png	false	false	Quest		0	0	false	false	0.0000		false	The work is done. The guild has paid your reward.	true
derpy_gg_build_overseers_gen	CONSTRUCT_N_OF_A_BUILDING	A Commission	The Builders' Guild have ordered a building in your lands. The Great Guilds panel names it.	all/queen_and_crone	rom_event_mission.png	false	false	Quest		0	0	false	false	0.0000		false	The work is done. The guild has paid your reward.	true
derpy_gg_bounty_slavers_gen	RAZE_OR_SACK_N_DIFFERENT_SETTLEMENTS_INCLUDING	A Raid Worth Taking	Sack it. The Guild is owed, and that place can pay.	all/queen_and_crone	rom_event_mission.png	false	false	Quest		0	0	false	false	0.0000		false	The work is done. The guild has paid your reward.	true
derpy_gg_build_slavers_gen	CONSTRUCT_N_OF_A_BUILDING	A Commission	The Raiders' Guild have ordered a building in your lands. The Great Guilds panel names it.	all/queen_and_crone	rom_event_mission.png	false	false	Quest		0	0	false	false	0.0000		false	The work is done. The guild has paid your reward.	true
derpy_gg_job_slavers_gen	CAPTURE_X_BATTLE_CAPTIVES	Fill the Pens	The Raiders' Guild need more hands. Take the number of battle captives shown on the Great Guilds panel.	all/queen_and_crone	rom_event_mission.png	false	false	Quest		0	0	false	false	0.0000		false	The work is done. The guild has paid your reward.	true
derpy_gg_bounty_temple_gen	ELIMINATE_CHARACTER_IN_BATTLE	The Holy War	A general of the faith's enemies leads an army in the open. The priests want that general brought down.	all/queen_and_crone	rom_event_mission.png	false	false	Quest		0	0	false	false	0.0000		false	The work is done. The guild has paid your reward.	true
derpy_gg_build_temple_gen	CONSTRUCT_N_OF_A_BUILDING	A Commission	The Faith Guild have ordered a building in your lands. The Great Guilds panel names it.	all/queen_and_crone	rom_event_mission.png	false	false	Quest		0	0	false	false	0.0000		false	The work is done. The guild has paid your reward.	true
