building_chain	settlement_type	exclude
#settlement_type_to_building_chains_junctions_tables;1;db/settlement_type_to_building_chains_junctions_tables/derpy_great_guilds		
derpy_gg_hall_brass	wh3_dlc23_chd_factory	false
derpy_gg_hall_brass	wh3_dlc23_chd_outpost	false
derpy_gg_hall_brass	wh3_dlc23_chd_tower	false
derpy_gg_hall_immortals	wh3_dlc23_chd_factory	false
derpy_gg_hall_immortals	wh3_dlc23_chd_outpost	false
derpy_gg_hall_immortals	wh3_dlc23_chd_tower	false
derpy_gg_hall_daemonsmiths	wh3_dlc23_chd_factory	false
derpy_gg_hall_daemonsmiths	wh3_dlc23_chd_outpost	false
derpy_gg_hall_daemonsmiths	wh3_dlc23_chd_tower	false
derpy_gg_hall_khanate	wh3_dlc23_chd_factory	false
derpy_gg_hall_khanate	wh3_dlc23_chd_outpost	false
derpy_gg_hall_khanate	wh3_dlc23_chd_tower	false
derpy_gg_hall_overseers	wh3_dlc23_chd_factory	false
derpy_gg_hall_overseers	wh3_dlc23_chd_outpost	false
derpy_gg_hall_overseers	wh3_dlc23_chd_tower	false
derpy_gg_hall_slavers	wh3_dlc23_chd_factory	false
derpy_gg_hall_slavers	wh3_dlc23_chd_outpost	false
derpy_gg_hall_slavers	wh3_dlc23_chd_tower	false
derpy_gg_hall_temple	wh3_dlc23_chd_factory	false
derpy_gg_hall_temple	wh3_dlc23_chd_outpost	false
derpy_gg_hall_temple	wh3_dlc23_chd_tower	false
